title,ingredients,state,diet,meal_time,dish_type,calories,protein,fat,carbs,sodium,nutrition_basis,slot_portion_g,calories_slot,protein_slot,fat_slot,carbs_slot,sodium_slot,calculation_method,source_url,calculation_notes,sodium_slot_mg,sodium_mg_100g,condition,diet_enc,meal_time_enc,dish_type_enc
Egg Dosa,"Rice, parboiled, milled, Black gram, dal, Egg, poultry, whole, raw, Onion, big, Gingelly oil, Table salt (sodium from NaCl), Water",Tamil Nadu,non_vegetarian,breakfast,main,154.5,5.5,3.5,24.6,0.325,per 100 g finished dish,200,309,11,7,49.2,0.65,IFCT 2017 ingredient-based estimate,https://www.nin.res.in/ebooks/IFCT2017.pdf,Egg dosa; per 100 g finished dish.,650,325,healthy,0,0,1
Egg Dosa + Sambar,"Water, Table salt (sodium from NaCl), Onion, big, Egg, poultry, whole, raw, Black gram, dal, Rice, parboiled, milled, Gingelly oil, Chillies, red, Coriander seeds, Turmeric powder, Tamarind, pulp, Asafoetida, Drumstick, Red gram, dal, Mustard seeds, Tomato, ripe, local, Curry leaves",Tamil Nadu,non_vegetarian,breakfast,main,114.3,4.4,2.6,17.9,0.302,per 100 g finished dish,200,228.6,8.8,5.2,35.8,0.604,Weighted combination of IFCT-based component dishes,https://www.nin.res.in/ebooks/IFCT2017.pdf,Egg dosa and sambar combo; per 100 g finished dish.,604,302,healthy,0,0,1
Egg Uthappam,"Rice, raw, milled, Black gram, dal, Egg, poultry, whole, raw, Onion, big, Chillies, green - all varieties, Table salt (sodium from NaCl), Water, Gingelly oil",Tamil Nadu,non_vegetarian,breakfast,main,151.2,5.3,2.6,25.8,0.281,per 100 g finished dish,200,302.4,10.6,5.2,51.6,0.562,IFCT 2017 ingredient-based estimate,https://www.nin.res.in/ebooks/IFCT2017.pdf,Egg uthappam with dosa batter and egg topping; per 100 g finished dish.,562,281,healthy,0,0,1
Egg Uthappam + Coconut Chutney,"Rice, raw, milled, Black gram, dal, Egg, poultry, whole, raw, Onion, big, Chillies, green - all varieties, Table salt (sodium from NaCl), Water, Gingelly oil, Coconut, kernel, fresh, Bengal gram, dal, Ginger, fresh, Curry leaves, Mustard seeds",Tamil Nadu,non_vegetarian,breakfast,condiment,158.1,4.6,6.4,20.2,0.291,per 100 g finished dish,200,316.2,9.2,12.8,40.4,0.582,Weighted combination of IFCT-based component dishes,https://www.nin.res.in/ebooks/IFCT2017.pdf,Egg uthappam and coconut chutney combo; per 100 g finished dish.,582,291,healthy,0,0,0
Adai,"Rice, raw, milled, Bengal gram, dal, Red gram, dal, Black gram, dal, Green gram, dal, Onion, big, Chillies, red, Curry leaves, Gingelly oil, Table salt (sodium from NaCl), Water",Tamil Nadu,vegetarian,breakfast,main,172.1,6.9,3.1,28.3,0.399,per 100 g finished dish,200,344.2,13.8,6.2,56.6,0.798,IFCT 2017 ingredient-based estimate,https://www.nin.res.in/ebooks/IFCT2017.pdf,Multi-dal adai; per 100 g finished dish.,798,399,healthy,1,0,1
Adai + Avial,"Rice, raw, milled, Water, Table salt (sodium from NaCl), Gingelly oil, Curry leaves, Chillies, red, Onion, big, Green gram, dal, Black gram, dal, Red gram, dal, Bengal gram, dal, Chillies, green - all varieties, Milk, whole, Cow, Turmeric powder, Cumin seeds, Coconut oil, Coconut, kernel, fresh, Drumstick, French beans, country, Carrot, orange, Ash gourd, Plantain, green",Tamil Nadu,vegetarian,breakfast,main,131.5,4.4,4.6,17.5,0.355,per 100 g finished dish,200,263,8.8,9.2,35,0.71,Weighted combination of IFCT-based component dishes,https://www.nin.res.in/ebooks/IFCT2017.pdf,Adai and avial combo; per 100 g finished dish.,710,355,healthy,1,0,1
Adai + Coconut Chutney,"Rice, raw, milled, Water, Table salt (sodium from NaCl), Gingelly oil, Curry leaves, Chillies, red, Onion, big, Green gram, dal, Black gram, dal, Red gram, dal, Bengal gram, dal, Coconut, kernel, fresh, Ginger, fresh, Chillies, green - all varieties, Mustard seeds",Tamil Nadu,vegetarian,breakfast,condiment,173.6,5.6,7.1,21.3,0.375,per 100 g finished dish,200,347.2,11.2,14.2,42.6,0.75,Weighted combination of IFCT-based component dishes,https://www.nin.res.in/ebooks/IFCT2017.pdf,Adai and coconut chutney combo; per 100 g finished dish.,750,375,healthy,1,0,0
Appam,"Rice, raw, milled, Coconut, kernel, fresh, Black gram, dal, Table salt (sodium from NaCl), Water",Tamil Nadu,vegetarian,breakfast,main,138.3,3,4.1,22,0.233,per 100 g finished dish,200,276.6,6,8.2,44,0.466,IFCT 2017 ingredient-based estimate,https://www.nin.res.in/ebooks/IFCT2017.pdf,Fermented appam batter model; per 100 g finished dish.,466,233,healthy,1,0,1
Appam + Vegetable Kurma,"Water, Table salt (sodium from NaCl), Black gram, dal, Coconut, kernel, fresh, Rice, raw, milled, Garlic, big cloves, Gingelly oil, Carrot, orange, Potato, brown skin, big, Turmeric powder, Peas, fresh, Tomato, ripe, local, Chillies, green - all varieties, Ginger, fresh, Cumin seeds, Onion, big, French beans, country",Tamil Nadu,vegetarian,breakfast,main,101.6,2.2,3.7,14.5,0.213,per 100 g finished dish,200,203.2,4.4,7.4,29,0.426,Weighted combination of IFCT-based component dishes,https://www.nin.res.in/ebooks/IFCT2017.pdf,Appam and vegetable kurma combo; per 100 g finished dish.,426,213,healthy,1,0,1
Bajra Pongal,"Bajra, Green gram, dal, Ginger, fresh, Pepper, black, Cumin seeds, Ghee, Table salt (sodium from NaCl), Curry leaves, Water",Tamil Nadu,vegetarian,breakfast,main,108.1,4,2.8,16.1,0.253,per 100 g finished dish,200,216.2,8,5.6,32.2,0.506,IFCT 2017 ingredient-based estimate,https://www.nin.res.in/ebooks/IFCT2017.pdf,Millet pongal with bajra and moong dal; per 100 g finished dish.,506,253,healthy,1,0,1
Dosa,"Rice, parboiled, milled, Black gram, dal, Table salt (sodium from NaCl), Gingelly oil, Water",Tamil Nadu,vegetarian,breakfast,main,159.1,4.5,2.1,29.8,0.282,per 100 g finished dish,200,318.2,9,4.2,59.6,0.564,IFCT 2017 ingredient-based estimate,https://www.nin.res.in/ebooks/IFCT2017.pdf,Standard dosa batter with oil included; per 100 g finished dosa.,564,282,healthy,1,0,1
Dosa + Coconut Chutney,"Rice, parboiled, milled, Water, Gingelly oil, Table salt (sodium from NaCl), Black gram, dal, Coconut, kernel, fresh, Bengal gram, dal, Ginger, fresh, Chillies, green - all varieties, Curry leaves, Mustard seeds",Tamil Nadu,vegetarian,breakfast,condiment,164.5,3.9,6.4,22.3,0.293,per 100 g finished dish,200,329,7.8,12.8,44.6,0.586,Weighted combination of IFCT-based component dishes,https://www.nin.res.in/ebooks/IFCT2017.pdf,Dosa and coconut chutney combo; per 100 g finished dish.,586,293,healthy,1,0,0
Dosa + Sambar,"Rice, parboiled, milled, Water, Gingelly oil, Table salt (sodium from NaCl), Black gram, dal, Chillies, red, Coriander seeds, Turmeric powder, Tamarind, pulp, Asafoetida, Onion, big, Drumstick, Red gram, dal, Mustard seeds, Tomato, ripe, local, Curry leaves",Tamil Nadu,vegetarian,breakfast,main,113.2,3.8,1.7,20,0.276,per 100 g finished dish,200,226.4,7.6,3.4,40,0.552,Weighted combination of IFCT-based component dishes,https://www.nin.res.in/ebooks/IFCT2017.pdf,Dosa and sambar combo; per 100 g finished dish.,552,276,healthy,1,0,1
Dosa + Tomato Chutney,"Rice, parboiled, milled, Water, Gingelly oil, Table salt (sodium from NaCl), Black gram, dal, Curry leaves, Mustard seeds, Garlic, big cloves, Chillies, red, Onion, big, Tomato, ripe, local, Tamarind, pulp",Tamil Nadu,vegetarian,breakfast,condiment,126.3,3.5,2.2,22.4,0.294,per 100 g finished dish,200,252.6,7,4.4,44.8,0.588,Weighted combination of IFCT-based component dishes,https://www.nin.res.in/ebooks/IFCT2017.pdf,Dosa and tomato chutney combo; per 100 g finished dish.,588,294,healthy,1,0,0
Ghee Dosa,"Rice, raw, milled, Black gram, dal, Table salt (sodium from NaCl), Water, Ghee",Tamil Nadu,vegetarian,breakfast,main,140.7,3.8,2.5,25.1,0.297,per 100 g finished dish,200,281.4,7.6,5,50.2,0.594,IFCT 2017 ingredient-based estimate,https://www.nin.res.in/ebooks/IFCT2017.pdf,Ghee dosa standardized from dosa-style batter; per 100 g finished dish.,594,297,healthy,1,0,1
Idiyappam,"Rice, raw, milled, Table salt (sodium from NaCl), Water",Tamil Nadu,vegetarian,breakfast,main,111.4,2.5,0.2,24.4,0.296,per 100 g finished dish,200,222.8,5,0.4,48.8,0.592,IFCT 2017 ingredient-based estimate,https://www.nin.res.in/ebooks/IFCT2017.pdf,String hoppers; per 100 g finished dish.,592,296,healthy,1,0,1
Idiyappam + Vegetable Kurma,"Water, Table salt (sodium from NaCl), Rice, raw, milled, Garlic, big cloves, Gingelly oil, Carrot, orange, Potato, brown skin, big, Turmeric powder, Peas, fresh, Tomato, ripe, local, Coconut, kernel, fresh, Chillies, green - all varieties, Ginger, fresh, Cumin seeds, Onion, big, French beans, country",Tamil Nadu,vegetarian,breakfast,main,85.9,1.9,1.4,15.9,0.25,per 100 g finished dish,200,171.8,3.8,2.8,31.8,0.5,Weighted combination of IFCT-based component dishes,https://www.nin.res.in/ebooks/IFCT2017.pdf,Idiyappam and vegetable kurma combo; per 100 g finished dish.,500,250,healthy,1,0,1
Idli,"Rice, parboiled, milled, Black gram, dal, Table salt (sodium from NaCl), Water",Tamil Nadu,vegetarian,breakfast,main,146.8,4.7,0.3,30.4,0.31,per 100 g finished dish,200,293.6,9.4,0.6,60.8,0.62,IFCT 2017 ingredient-based estimate,https://www.nin.res.in/ebooks/IFCT2017.pdf,Standard fermented idli batter; per 100 g finished idli.,620,310,healthy,1,0,1
Idli + Coconut Chutney,"Rice, parboiled, milled, Black gram, dal, Water, Table salt (sodium from NaCl), Coconut, kernel, fresh, Bengal gram, dal, Ginger, fresh, Chillies, green - all varieties, Gingelly oil, Curry leaves, Mustard seeds",Tamil Nadu,vegetarian,breakfast,condiment,154.5,4.1,4.4,23.9,0.313,per 100 g finished dish,200,309,8.2,8.8,47.8,0.626,Weighted combination of IFCT-based component dishes,https://www.nin.res.in/ebooks/IFCT2017.pdf,Idli and coconut chutney combo; per 100 g finished dish.,626,313,healthy,1,0,0
Idli + Sambar,"Rice, parboiled, milled, Black gram, dal, Water, Table salt (sodium from NaCl), Chillies, red, Coriander seeds, Turmeric powder, Gingelly oil, Tamarind, pulp, Asafoetida, Onion, big, Drumstick, Red gram, dal, Mustard seeds, Tomato, ripe, local, Curry leaves",Tamil Nadu,vegetarian,breakfast,main,111.3,4,0.7,21.6,0.294,per 100 g finished dish,200,222.6,8,1.4,43.2,0.588,Weighted combination of IFCT-based component dishes,https://www.nin.res.in/ebooks/IFCT2017.pdf,Idli and sambar combo; per 100 g finished dish.,588,294,healthy,1,0,1
Idli + Sambar + Coconut Chutney,"Rice, parboiled, milled, Black gram, dal, Water, Table salt (sodium from NaCl), Chillies, red, Coriander seeds, Turmeric powder, Gingelly oil, Tamarind, pulp, Asafoetida, Onion, big, Drumstick, Red gram, dal, Mustard seeds, Tomato, ripe, local, Curry leaves, Coconut, kernel, fresh, Bengal gram, dal, Ginger, fresh, Chillies, green - all varieties",Tamil Nadu,vegetarian,breakfast,condiment,125,3.8,3,20.1,0.299,per 100 g finished dish,200,250,7.6,6,40.2,0.598,Weighted combination of IFCT-based component dishes,https://www.nin.res.in/ebooks/IFCT2017.pdf,"Idli, sambar and coconut chutney combo; per 100 g finished dish.",598,299,healthy,1,0,0
Kambu Koozh,"Bajra, Milk, whole, Cow, Onion, small, Table salt (sodium from NaCl), Water",Tamil Nadu,vegetarian,breakfast,main,64.1,2.2,1.6,10,0.202,per 100 g finished dish,200,128.2,4.4,3.2,20,0.404,IFCT 2017 ingredient-based estimate,https://www.nin.res.in/ebooks/IFCT2017.pdf,Pearl millet koozh; milk used as cultured-dairy proxy.,404,202,healthy,1,0,1
Kara Pongal,"Rice, raw, milled, Green gram, dal, Onion, big, Tomato, ripe, local, Ginger, fresh, Chillies, green - all varieties, Ghee, Table salt (sodium from NaCl), Curry leaves, Water",Tamil Nadu,vegetarian,breakfast,main,90.8,2.9,1.3,16.5,0.208,per 100 g finished dish,200,181.6,5.8,2.6,33,0.416,IFCT 2017 ingredient-based estimate,https://www.nin.res.in/ebooks/IFCT2017.pdf,Savory kara pongal estimate; per 100 g finished dish.,416,208,healthy,1,0,1
Onion Uthappam,"Rice, parboiled, milled, Black gram, dal, Onion, big, Table salt (sodium from NaCl), Gingelly oil, Water",Tamil Nadu,vegetarian,breakfast,main,142.4,3.9,2.4,25.6,0.293,per 100 g finished dish,200,284.8,7.8,4.8,51.2,0.586,IFCT 2017 ingredient-based estimate,https://www.nin.res.in/ebooks/IFCT2017.pdf,Uthappam batter with onion topping; per 100 g finished dish.,586,293,healthy,1,0,1
Onion Uthappam + Sambar,"Water, Gingelly oil, Table salt (sodium from NaCl), Onion, big, Black gram, dal, Rice, parboiled, milled, Chillies, red, Coriander seeds, Turmeric powder, Tamarind, pulp, Asafoetida, Drumstick, Red gram, dal, Mustard seeds, Tomato, ripe, local, Curry leaves",Tamil Nadu,vegetarian,breakfast,main,107.3,3.5,1.9,18.4,0.283,per 100 g finished dish,200,214.6,7,3.8,36.8,0.566,Weighted combination of IFCT-based component dishes,https://www.nin.res.in/ebooks/IFCT2017.pdf,Onion uthappam and sambar combo; per 100 g finished dish.,566,283,healthy,1,0,1
Paniyaram,"Rice, raw, milled, Black gram, dal, Onion, big, Chillies, green - all varieties, Curry leaves, Table salt (sodium from NaCl), Gingelly oil, Water",Tamil Nadu,vegetarian,breakfast,main,145.3,4.1,2.2,26.5,0.302,per 100 g finished dish,200,290.6,8.2,4.4,53,0.604,IFCT 2017 ingredient-based estimate,https://www.nin.res.in/ebooks/IFCT2017.pdf,Kuzhi paniyaram style batter estimate; per 100 g finished dish.,604,302,healthy,1,0,1
Paniyaram + Tomato Chutney,"Rice, raw, milled, Black gram, dal, Onion, big, Chillies, green - all varieties, Curry leaves, Table salt (sodium from NaCl), Gingelly oil, Water, Mustard seeds, Garlic, big cloves, Chillies, red, Tomato, ripe, local, Tamarind, pulp",Tamil Nadu,vegetarian,breakfast,condiment,119.5,3.3,2.3,20.8,0.307,per 100 g finished dish,200,239,6.6,4.6,41.6,0.614,Weighted combination of IFCT-based component dishes,https://www.nin.res.in/ebooks/IFCT2017.pdf,Paniyaram and tomato chutney combo; per 100 g finished dish.,614,307,healthy,1,0,0
Pesarattu,"Green gram, dal, Rice, raw, milled, Chillies, green - all varieties, Ginger, fresh, Cumin seeds, Table salt (sodium from NaCl), Gingelly oil, Water",Tamil Nadu,vegetarian,breakfast,main,131.3,7.5,2.1,19.9,0.318,per 100 g finished dish,200,262.6,15,4.2,39.8,0.636,IFCT 2017 ingredient-based estimate,https://www.nin.res.in/ebooks/IFCT2017.pdf,Green gram dosa (pesarattu) style estimate; per 100 g finished dish.,636,318,healthy,1,0,1
Pesarattu + Coconut Chutney,"Green gram, dal, Rice, raw, milled, Chillies, green - all varieties, Ginger, fresh, Cumin seeds, Table salt (sodium from NaCl), Gingelly oil, Water, Coconut, kernel, fresh, Bengal gram, dal, Curry leaves, Mustard seeds",Tamil Nadu,vegetarian,breakfast,condiment,143.4,6.2,6,15.8,0.318,per 100 g finished dish,200,286.8,12.4,12,31.6,0.636,Weighted combination of IFCT-based component dishes,https://www.nin.res.in/ebooks/IFCT2017.pdf,Pesarattu and coconut chutney combo; per 100 g finished dish.,636,318,healthy,1,0,0
Plain Uthappam,"Rice, raw, milled, Black gram, dal, Table salt (sodium from NaCl), Water, Gingelly oil",Tamil Nadu,vegetarian,breakfast,main,159.5,4.5,1.9,30.2,0.318,per 100 g finished dish,200,319,9,3.8,60.4,0.636,IFCT 2017 ingredient-based estimate,https://www.nin.res.in/ebooks/IFCT2017.pdf,Plain uthappam batter and pan-cook estimate; per 100 g finished dish.,636,318,healthy,1,0,1
Plain Uthappam + Sambar,"Rice, raw, milled, Black gram, dal, Table salt (sodium from NaCl), Water, Gingelly oil, Chillies, red, Coriander seeds, Turmeric powder, Tamarind, pulp, Asafoetida, Onion, big, Drumstick, Red gram, dal, Mustard seeds, Tomato, ripe, local, Curry leaves",Tamil Nadu,vegetarian,breakfast,main,117.3,3.8,1.6,21.1,0.297,per 100 g finished dish,200,234.6,7.6,3.2,42.2,0.594,Weighted combination of IFCT-based component dishes,https://www.nin.res.in/ebooks/IFCT2017.pdf,Plain uthappam and sambar combo; per 100 g finished dish.,594,297,healthy,1,0,1
Puttu,"Rice, raw, milled, Coconut, kernel, fresh, Table salt (sodium from NaCl), Water",Tamil Nadu,vegetarian,breakfast,main,153.6,2.8,5.1,23.7,0.264,per 100 g finished dish,200,307.2,5.6,10.2,47.4,0.528,IFCT 2017 ingredient-based estimate,https://www.nin.res.in/ebooks/IFCT2017.pdf,Steamed rice-coconut puttu; per 100 g finished dish.,528,264,healthy,1,0,1
Puttu + Vegetable Kurma,"Water, Table salt (sodium from NaCl), Coconut, kernel, fresh, Rice, raw, milled, Garlic, big cloves, Gingelly oil, Carrot, orange, Potato, brown skin, big, Turmeric powder, Peas, fresh, Tomato, ripe, local, Chillies, green - all varieties, Ginger, fresh, Cumin seeds, Onion, big, French beans, country",Tamil Nadu,vegetarian,breakfast,main,110.5,2.1,4.3,15.5,0.231,per 100 g finished dish,200,221,4.2,8.6,31,0.462,Weighted combination of IFCT-based component dishes,https://www.nin.res.in/ebooks/IFCT2017.pdf,Puttu and vegetable kurma combo; per 100 g finished dish.,462,231,healthy,1,0,1
Ragi Dosa,"Ragi, Rice, raw, milled, Black gram, dal, Table salt (sodium from NaCl), Water, Gingelly oil",Tamil Nadu,vegetarian,breakfast,main,139.8,3.6,2,26.1,0.284,per 100 g finished dish,200,279.6,7.2,4,52.2,0.568,IFCT 2017 ingredient-based estimate,https://www.nin.res.in/ebooks/IFCT2017.pdf,Ragi dosa standardized batter; per 100 g finished dish.,568,284,healthy,1,0,1
Ragi Dosa + Tomato Chutney,"Ragi, Rice, raw, milled, Black gram, dal, Table salt (sodium from NaCl), Water, Gingelly oil, Curry leaves, Mustard seeds, Garlic, big cloves, Chillies, red, Onion, big, Tomato, ripe, local, Tamarind, pulp",Tamil Nadu,vegetarian,breakfast,condiment,112.6,2.9,2.1,19.8,0.295,per 100 g finished dish,200,225.2,5.8,4.2,39.6,0.59,Weighted combination of IFCT-based component dishes,https://www.nin.res.in/ebooks/IFCT2017.pdf,Ragi dosa and tomato chutney combo; per 100 g finished dish.,590,295,healthy,1,0,0
Ragi Kali,"Ragi, Table salt (sodium from NaCl), Water",Tamil Nadu,vegetarian,breakfast,main,82.5,1.8,0.5,17.2,0.226,per 100 g finished dish,200,165,3.6,1,34.4,0.452,IFCT 2017 ingredient-based estimate,https://www.nin.res.in/ebooks/IFCT2017.pdf,Ragi kali; per 100 g finished dish.,452,226,healthy,1,0,1
Rava Kichadi,"Wheat, semolina, Onion, big, Tomato, ripe, local, Carrot, orange, French beans, country, Chillies, green - all varieties, Ginger, fresh, Mustard seeds, Curry leaves, Gingelly oil, Table salt (sodium from NaCl), Water",Tamil Nadu,vegetarian,breakfast,main,82.6,2.4,2.2,12.8,0.321,per 100 g finished dish,200,165.2,4.8,4.4,25.6,0.642,IFCT 2017 ingredient-based estimate,https://www.nin.res.in/ebooks/IFCT2017.pdf,Vegetable rava kichadi; per 100 g finished dish.,642,321,healthy,1,0,1
Tomato Chutney,"Tomato, ripe, local, Onion, big, Garlic, big cloves, Chillies, red, Gingelly oil, Mustard seeds, Curry leaves, Table salt (sodium from NaCl), Tamarind, pulp, Water",Tamil Nadu,vegetarian,breakfast,condiment,47.4,1.1,2.5,4.8,0.323,per 100 g finished dish,200,94.8,2.2,5,9.6,0.646,IFCT 2017 ingredient-based estimate,https://www.nin.res.in/ebooks/IFCT2017.pdf,Tomato-onion chutney; per 100 g finished dish.,646,323,healthy,1,0,0
Tomato Uthappam,"Rice, raw, milled, Black gram, dal, Onion, big, Tomato, ripe, local, Chillies, green - all varieties, Table salt (sodium from NaCl), Water, Gingelly oil",Tamil Nadu,vegetarian,breakfast,main,137.8,3.9,1.6,26.1,0.265,per 100 g finished dish,200,275.6,7.8,3.2,52.2,0.53,IFCT 2017 ingredient-based estimate,https://www.nin.res.in/ebooks/IFCT2017.pdf,Tomato uthappam with onion topping; per 100 g finished dish.,530,265,healthy,1,0,1
Tomato Uthappam + Coconut Chutney,"Rice, raw, milled, Black gram, dal, Onion, big, Tomato, ripe, local, Chillies, green - all varieties, Table salt (sodium from NaCl), Water, Gingelly oil, Coconut, kernel, fresh, Bengal gram, dal, Ginger, fresh, Curry leaves, Mustard seeds",Tamil Nadu,vegetarian,breakfast,condiment,148.2,3.5,5.6,20.4,0.279,per 100 g finished dish,200,296.4,7,11.2,40.8,0.558,Weighted combination of IFCT-based component dishes,https://www.nin.res.in/ebooks/IFCT2017.pdf,Tomato uthappam and coconut chutney combo; per 100 g finished dish.,558,279,healthy,1,0,0
Upma,"Wheat, semolina, Onion, big, Chillies, green - all varieties, Ginger, fresh, Mustard seeds, Curry leaves, Gingelly oil, Table salt (sodium from NaCl), Water",Tamil Nadu,vegetarian,breakfast,main,94,2.6,2.5,14.8,0.325,per 100 g finished dish,200,188,5.2,5,29.6,0.65,IFCT 2017 ingredient-based estimate,https://www.nin.res.in/ebooks/IFCT2017.pdf,Semolina upma; per 100 g finished dish.,650,325,healthy,1,0,1
Vegetable Semiya Kichadi,"Wheat, vermicelli, Onion, big, Carrot, orange, French beans, country, Peas, fresh, Chillies, green - all varieties, Ginger, fresh, Groundnut oil, Table salt (sodium from NaCl), Water",Tamil Nadu,vegetarian,breakfast,main,74.9,2.2,1.2,13.3,0.219,per 100 g finished dish,200,149.8,4.4,2.4,26.6,0.438,IFCT 2017 ingredient-based estimate,https://www.nin.res.in/ebooks/IFCT2017.pdf,Vegetable semiya kichadi; per 100 g finished dish.,438,219,healthy,1,0,1
Vegetable Uthappam,"Rice, raw, milled, Black gram, dal, Onion, big, Tomato, ripe, local, Carrot, orange, Capsicum, green, Chillies, green - all varieties, Coriander leaves, Table salt (sodium from NaCl), Water, Gingelly oil",Tamil Nadu,vegetarian,breakfast,main,130.9,3.8,1.6,24.6,0.26,per 100 g finished dish,200,261.8,7.6,3.2,49.2,0.52,IFCT 2017 ingredient-based estimate,https://www.nin.res.in/ebooks/IFCT2017.pdf,Mixed vegetable uthappam; per 100 g finished dish.,520,260,healthy,1,0,1
Vegetable Uthappam + Sambar,"Rice, raw, milled, Black gram, dal, Onion, big, Tomato, ripe, local, Carrot, orange, Capsicum, green, Chillies, green - all varieties, Coriander leaves, Table salt (sodium from NaCl), Water, Gingelly oil, Chillies, red, Coriander seeds, Turmeric powder, Tamarind, pulp, Asafoetida, Drumstick, Red gram, dal, Mustard seeds, Curry leaves",Tamil Nadu,vegetarian,breakfast,main,100.6,3.4,1.5,17.8,0.263,per 100 g finished dish,200,201.2,6.8,3,35.6,0.526,Weighted combination of IFCT-based component dishes,https://www.nin.res.in/ebooks/IFCT2017.pdf,Vegetable uthappam and sambar combo; per 100 g finished dish.,526,263,healthy,1,0,1
Ven Pongal,"Rice, raw, milled, Green gram, dal, Ghee, Ginger, fresh, Cumin seeds, Pepper, black, Table salt (sodium from NaCl), Water",Tamil Nadu,vegetarian,breakfast,main,108.8,3.4,2.1,18.6,0.277,per 100 g finished dish,200,217.6,6.8,4.2,37.2,0.554,IFCT 2017 ingredient-based estimate,https://www.nin.res.in/ebooks/IFCT2017.pdf,Rice-moong pongal; per 100 g finished dish.,554,277,healthy,1,0,1
Ven Pongal + Coconut Chutney,"Cumin seeds, Ghee, Ginger, fresh, Pepper, black, Water, Green gram, dal, Table salt (sodium from NaCl), Rice, raw, milled, Coconut, kernel, fresh, Bengal gram, dal, Chillies, green - all varieties, Gingelly oil, Curry leaves, Mustard seeds",Tamil Nadu,vegetarian,breakfast,condiment,126,3.2,5.7,15.1,0.288,per 100 g finished dish,200,252,6.4,11.4,30.2,0.576,Weighted combination of IFCT-based component dishes,https://www.nin.res.in/ebooks/IFCT2017.pdf,Ven pongal and coconut chutney combo; per 100 g finished dish.,576,288,healthy,1,0,0
Ven Pongal + Sambar,"Cumin seeds, Ghee, Ginger, fresh, Pepper, black, Water, Green gram, dal, Table salt (sodium from NaCl), Rice, raw, milled, Chillies, red, Coriander seeds, Turmeric powder, Gingelly oil, Tamarind, pulp, Asafoetida, Onion, big, Drumstick, Red gram, dal, Mustard seeds, Tomato, ripe, local, Curry leaves",Tamil Nadu,vegetarian,breakfast,main,88.5,3.2,1.8,14.5,0.274,per 100 g finished dish,200,177,6.4,3.6,29,0.548,Weighted combination of IFCT-based component dishes,https://www.nin.res.in/ebooks/IFCT2017.pdf,Ven pongal and sambar combo; per 100 g finished dish.,548,274,healthy,1,0,1
Vermicelli Upma,"Wheat, vermicelli, Onion, big, Carrot, orange, French beans, country, Chillies, green - all varieties, Mustard seeds, Gingelly oil, Table salt (sodium from NaCl), Water",Tamil Nadu,vegetarian,breakfast,main,78.8,2.1,1.4,13.9,0.201,per 100 g finished dish,200,157.6,4.2,2.8,27.8,0.402,IFCT 2017 ingredient-based estimate,https://www.nin.res.in/ebooks/IFCT2017.pdf,Vermicelli upma; per 100 g finished dish.,402,201,healthy,1,0,1
Omelette,"Egg, poultry, whole, raw, Onion, big, Chillies, green - all varieties, Coriander leaves, Gingelly oil, Table salt (sodium from NaCl)",Tamil Nadu,non_vegetarian,breakfast/dinner,main,141.2,10.6,10.3,1.6,0.341,per 100 g finished dish,250,353,26.5,25.8,4,0.852,IFCT 2017 ingredient-based estimate,https://www.nin.res.in/ebooks/IFCT2017.pdf,Onion omelette; per 100 g finished dish.,852,341,hypertension,0,1,1
Anchovy Fry,"Anchovy, Onion, big, Tomato, ripe, local, Ginger, fresh, Garlic, big cloves, Chillies, red, Turmeric powder, Gingelly oil, Table salt (sodium from NaCl), Curry leaves, Water",Tamil Nadu,non_vegetarian,dinner,main,95.1,11.5,4.3,2.4,0.477,per 100 g finished dish,300,285.3,34.5,12.9,7.2,1.431,IFCT 2017 ingredient-based estimate,https://www.nin.res.in/ebooks/IFCT2017.pdf,Nethili fry; per 100 g finished dish.,1431,477,hypertension,0,2,1
Fish Fry,"Vanjaram, Ginger, fresh, Garlic, big cloves, Chillies, red, Turmeric powder, Gingelly oil, Table salt (sodium from NaCl), Lemon, juice",Tamil Nadu,non_vegetarian,dinner,main,165.7,18.9,9.2,1.3,0.496,per 100 g finished dish,300,497.1,56.7,27.6,3.9,1.488,IFCT 2017 ingredient-based estimate,https://www.nin.res.in/ebooks/IFCT2017.pdf,Vanjaram fish fry; per 100 g finished dish.,1488,496,hypertension,0,2,1
Mutton Chukka,"Goat, shoulder, meat, Onion, big, Tomato, ripe, local, Ginger, fresh, Garlic, big cloves, Pepper, black, Coriander seeds, Cumin seeds, Gingelly oil, Curry leaves, Table salt (sodium from NaCl), Water",Tamil Nadu,non_vegetarian,dinner,main,116.1,9.1,7.6,2.7,0.394,per 100 g finished dish,300,348.3,27.3,22.8,8.1,1.182,IFCT 2017 ingredient-based estimate,https://www.nin.res.in/ebooks/IFCT2017.pdf,Goat-meat chukka; per 100 g finished dish.,1182,394,hypertension,0,2,1
Pepper Chicken,"Chicken, poultry, leg, skinless, Onion, big, Tomato, ripe, local, Ginger, fresh, Garlic, big cloves, Pepper, black, Cumin seeds, Curry leaves, Gingelly oil, Table salt (sodium from NaCl), Water",Tamil Nadu,non_vegetarian,dinner,main,212.6,9.7,8.2,2.2,0.45,per 100 g finished dish,300,637.8,29.1,24.6,6.6,1.35,IFCT 2017 ingredient-based estimate,https://www.nin.res.in/ebooks/IFCT2017.pdf,"Pepper chicken; semi-dry preparation, per 100 g finished dish.",1350,450,hypertension,0,2,1
Chicken Biryani,"Rice, raw, milled, Chicken, poultry, leg, skinless, Onion, big, Tomato, ripe, local, Ginger, fresh, Garlic, big cloves, Milk, whole, Cow, Ghee, Gingelly oil, Coriander leaves, Chillies, green - all varieties, Table salt (sodium from NaCl), Water",Tamil Nadu,non_vegetarian,lunch,main,227.4,8,6.9,19,0.351,per 100 g finished dish,400,909.6,32,27.6,76,1.404,IFCT 2017 ingredient-based estimate,https://www.nin.res.in/ebooks/IFCT2017.pdf,Home-style chicken biryani; milk used as curd proxy in marinade.,1404,351,diabetes,0,3,1
Chicken Curry,"Chicken, poultry, leg, skinless, Onion, big, Tomato, ripe, local, Ginger, fresh, Garlic, big cloves, Coconut, kernel, fresh, Gingelly oil, Chillies, red, Coriander seeds, Cumin seeds, Turmeric powder, Table salt (sodium from NaCl), Water",Tamil Nadu,non_vegetarian,lunch,side,194.1,7.7,9.3,2.9,0.381,per 100 g finished dish,400,776.4,30.8,37.2,11.6,1.524,IFCT 2017 ingredient-based estimate,https://www.nin.res.in/ebooks/IFCT2017.pdf,Tamil-style chicken curry; per 100 g finished dish.,1524,381,hypertension,0,3,2
Egg Curry,"Egg, poultry, whole, raw, Onion, big, Tomato, ripe, local, Ginger, fresh, Garlic, big cloves, Gingelly oil, Chillies, red, Coriander seeds, Cumin seeds, Turmeric powder, Table salt (sodium from NaCl), Water",Tamil Nadu,non_vegetarian,lunch,side,67.3,3.9,4.7,2.1,0.365,per 100 g finished dish,400,269.2,15.6,18.8,8.4,1.46,IFCT 2017 ingredient-based estimate,https://www.nin.res.in/ebooks/IFCT2017.pdf,Egg curry; per 100 g finished dish.,1460,365,hypertension,0,3,2
Fish Curry,"Vanjaram, Onion, big, Tomato, ripe, local, Tamarind, pulp, Garlic, big cloves, Ginger, fresh, Coconut, kernel, fresh, Gingelly oil, Chillies, red, Coriander seeds, Cumin seeds, Turmeric powder, Table salt (sodium from NaCl), Water",Tamil Nadu,non_vegetarian,lunch,side,105.1,8.3,5.9,4.3,0.365,per 100 g finished dish,400,420.4,33.2,23.6,17.2,1.46,IFCT 2017 ingredient-based estimate,https://www.nin.res.in/ebooks/IFCT2017.pdf,Vanjaram fish curry; per 100 g finished dish.,1460,365,hypertension,0,3,2
Prawn Thokku,"Tiger prawns, brown, Onion, big, Tomato, ripe, local, Ginger, fresh, Garlic, big cloves, Chillies, red, Turmeric powder, Gingelly oil, Curry leaves, Table salt (sodium from NaCl), Water",Tamil Nadu,non_vegetarian,lunch,side,66.6,7,3,2.6,0.533,per 100 g finished dish,400,266.4,28,12,10.4,2.132,IFCT 2017 ingredient-based estimate,https://www.nin.res.in/ebooks/IFCT2017.pdf,Prawn thokku; per 100 g finished dish.,2132,533,hypertension,0,3,2
Avial,"Ash gourd, Drumstick, Carrot, orange, French beans, country, Plantain, green, Coconut, kernel, fresh, Cumin seeds, Chillies, green - all varieties, Milk, whole, Cow, Coconut oil, Turmeric powder, Curry leaves, Table salt (sodium from NaCl), Water",Tamil Nadu,vegetarian,lunch,side,82.7,1.4,6.5,4.5,0.303,per 100 g finished dish,400,330.8,5.6,26,18,1.212,IFCT 2017 ingredient-based estimate,https://www.nin.res.in/ebooks/IFCT2017.pdf,Avial modeled with milk as curd proxy (IFCT lacks curd row).,1212,303,hypertension,1,3,2
Coconut Rice,"Rice, raw, milled, Coconut, kernel, fresh, Mustard seeds, Chillies, green - all varieties, Curry leaves, Gingelly oil, Table salt (sodium from NaCl), Water",Tamil Nadu,vegetarian,lunch,main,172.3,2.8,8.1,21.8,0.308,per 100 g finished dish,400,689.2,11.2,32.4,87.2,1.232,IFCT 2017 ingredient-based estimate,https://www.nin.res.in/ebooks/IFCT2017.pdf,Coconut rice; per 100 g finished dish.,1232,308,diabetes,1,3,1
Curd Rice,"Rice, raw, milled, Milk, whole, Cow, Coconut, kernel, fresh, Ginger, fresh, Chillies, green - all varieties, Coriander leaves, Table salt (sodium from NaCl), Water",Tamil Nadu,vegetarian,lunch,main,103.8,2.8,2.6,16.9,0.259,per 100 g finished dish,400,415.2,11.2,10.4,67.6,1.036,IFCT 2017 ingredient-based estimate,https://www.nin.res.in/ebooks/IFCT2017.pdf,Curd rice modeled with whole cow milk as curd proxy (IFCT lacks curd row).,1036,259,hypertension,1,3,1
Keerai Masiyal,"Amaranth leaves, green, Onion, big, Tomato, ripe, local, Garlic, big cloves, Red gram, dal, Chillies, green - all varieties, Cumin seeds, Gingelly oil, Table salt (sodium from NaCl), Water",Tamil Nadu,vegetarian,lunch,side,51.5,3,1.6,5.7,0.287,per 100 g finished dish,400,206,12,6.4,22.8,1.148,IFCT 2017 ingredient-based estimate,https://www.nin.res.in/ebooks/IFCT2017.pdf,Amaranth keerai masiyal; per 100 g finished dish.,1148,287,hypertension,1,3,2
Kootu,"Green gram, dal, Ash gourd, Carrot, orange, Coconut, kernel, fresh, Cumin seeds, Chillies, green - all varieties, Turmeric powder, Gingelly oil, Table salt (sodium from NaCl), Water",Tamil Nadu,vegetarian,lunch,side,78,2.8,4.2,6.9,0.314,per 100 g finished dish,400,312,11.2,16.8,27.6,1.256,IFCT 2017 ingredient-based estimate,https://www.nin.res.in/ebooks/IFCT2017.pdf,Vegetable kootu; per 100 g finished dish.,1256,314,hypertension,1,3,2
Lemon Rice,"Rice, raw, milled, Lemon, juice, Ginger, fresh, Chillies, green - all varieties, Mustard seeds, Turmeric powder, Curry leaves, Gingelly oil, Table salt (sodium from NaCl), Water",Tamil Nadu,vegetarian,lunch,main,124.5,2.4,2.6,22.1,0.307,per 100 g finished dish,400,498,9.6,10.4,88.4,1.228,IFCT 2017 ingredient-based estimate,https://www.nin.res.in/ebooks/IFCT2017.pdf,Lemon rice; per 100 g finished dish.,1228,307,diabetes,1,3,1
Rasam Rice,"Rice, raw, milled, Tomato, ripe, local, Tamarind, pulp, Garlic, big cloves, Pepper, black, Cumin seeds, Coriander leaves, Gingelly oil, Table salt (sodium from NaCl), Water",Tamil Nadu,vegetarian,lunch,main,101.2,2.3,0.9,20.4,0.294,per 100 g finished dish,400,404.8,9.2,3.6,81.6,1.176,IFCT 2017 ingredient-based estimate,https://www.nin.res.in/ebooks/IFCT2017.pdf,Rasam rice; per 100 g finished dish.,1176,294,diabetes,1,3,1
Sambar Rice,"Rice, raw, milled, Red gram, dal, Drumstick, Carrot, orange, Tomato, ripe, local, Onion, big, Tamarind, pulp, Coriander seeds, Cumin seeds, Turmeric powder, Chillies, red, Gingelly oil, Table salt (sodium from NaCl), Water",Tamil Nadu,vegetarian,lunch,main,107.9,3.3,2,18.5,0.304,per 100 g finished dish,400,431.6,13.2,8,74,1.216,IFCT 2017 ingredient-based estimate,https://www.nin.res.in/ebooks/IFCT2017.pdf,Mixed-vegetable sambar sadam; per 100 g finished dish.,1216,304,diabetes,1,3,1
Tamarind Rice,"Rice, raw, milled, Tamarind, pulp, Gingelly oil, Mustard seeds, Chillies, red, Turmeric powder, Asafoetida, Curry leaves, Table salt (sodium from NaCl), Water",Tamil Nadu,vegetarian,lunch,main,140.5,2.6,3,25.3,0.372,per 100 g finished dish,400,562,10.4,12,101.2,1.488,IFCT 2017 ingredient-based estimate,https://www.nin.res.in/ebooks/IFCT2017.pdf,Puliyodarai-style tamarind rice; per 100 g finished dish.,1488,372,diabetes,1,3,1
Tomato Rice,"Rice, raw, milled, Tomato, ripe, local, Onion, big, Ginger, fresh, Garlic, big cloves, Chillies, green - all varieties, Coriander seeds, Cumin seeds, Turmeric powder, Gingelly oil, Table salt (sodium from NaCl), Water",Tamil Nadu,vegetarian,lunch,main,117,2.5,2.4,20.8,0.319,per 100 g finished dish,400,468,10,9.6,83.2,1.276,IFCT 2017 ingredient-based estimate,https://www.nin.res.in/ebooks/IFCT2017.pdf,Tomato rice; per 100 g finished dish.,1276,319,diabetes,1,3,1
Anchovy Curry,"Anchovy, Onion, small, Tomato, ripe, local, Tamarind, pulp, Garlic, big cloves, Gingelly oil, Chillies, red, Coriander seeds, Cumin seeds, Turmeric powder, Table salt (sodium from NaCl), Water",Tamil Nadu,non_vegetarian,lunch/dinner,side,66.7,6.3,2.6,4.2,0.325,per 100 g finished dish,400,266.8,25.2,10.4,16.8,1.3,IFCT 2017 ingredient-based estimate,https://www.nin.res.in/ebooks/IFCT2017.pdf,Anchovy tamarind curry; per 100 g finished dish.,1300,325,hypertension,0,4,2
Chicken Biryani + Omelette,"Milk, whole, Cow, Ghee, Gingelly oil, Coriander leaves, Chillies, green - all varieties, Table salt (sodium from NaCl), Water, Garlic, big cloves, Ginger, fresh, Onion, big, Tomato, ripe, local, Chicken, poultry, leg, skinless, Rice, raw, milled, Egg, poultry, whole, raw",Tamil Nadu,non_vegetarian,lunch/dinner,main,192.9,9.1,8.2,12,0.347,per 100 g finished dish,400,771.6,36.4,32.8,48,1.388,Weighted combination of IFCT-based component dishes,https://www.nin.res.in/ebooks/IFCT2017.pdf,Chicken biryani and omelette combo; per 100 g finished dish.,1388,347,hypertension,0,4,1
Chicken Masala,"Chicken, poultry, leg, skinless, Onion, big, Tomato, ripe, local, Ginger, fresh, Garlic, big cloves, Coriander seeds, Cumin seeds, Chillies, red, Turmeric powder, Groundnut oil, Table salt (sodium from NaCl), Water",Tamil Nadu,non_vegetarian,lunch/dinner,side,162.5,7.4,6.2,2.4,0.258,per 100 g finished dish,400,650,29.6,24.8,9.6,1.032,IFCT 2017 ingredient-based estimate,https://www.nin.res.in/ebooks/IFCT2017.pdf,Chicken masala gravy; per 100 g finished dish.,1032,258,hypertension,0,4,2
Chicken Sukka,"Chicken, poultry, leg, skinless, Onion, big, Tomato, ripe, local, Ginger, fresh, Garlic, big cloves, Coconut, kernel, fresh, Gingelly oil, Pepper, black, Chillies, red, Coriander seeds, Cumin seeds, Turmeric powder, Curry leaves, Table salt (sodium from NaCl), Water",Tamil Nadu,non_vegetarian,lunch/dinner,main,229.9,9.6,10.3,3.1,0.339,per 100 g finished dish,400,919.6,38.4,41.2,12.4,1.356,IFCT 2017 ingredient-based estimate,https://www.nin.res.in/ebooks/IFCT2017.pdf,Dry-style chicken sukka; per 100 g finished dish.,1356,339,hypertension,0,4,1
Coconut Rice + Chicken Curry,"Rice, raw, milled, Curry leaves, Chillies, green - all varieties, Mustard seeds, Gingelly oil, Table salt (sodium from NaCl), Coconut, kernel, fresh, Water, Turmeric powder, Cumin seeds, Coriander seeds, Chillies, red, Garlic, big cloves, Ginger, fresh, Tomato, ripe, local, Onion, big, Chicken, poultry, leg, skinless",Tamil Nadu,non_vegetarian,lunch/dinner,main,182.1,5,8.6,13.3,0.341,per 100 g finished dish,400,728.4,20,34.4,53.2,1.364,Weighted combination of IFCT-based component dishes,https://www.nin.res.in/ebooks/IFCT2017.pdf,Coconut rice and chicken curry combo; per 100 g finished dish.,1364,341,hypertension,0,4,1
Egg Biryani,"Rice, raw, milled, Egg, poultry, whole, raw, Onion, big, Tomato, ripe, local, Ginger, fresh, Garlic, big cloves, Milk, whole, Cow, Ghee, Gingelly oil, Coriander leaves, Chillies, green - all varieties, Table salt (sodium from NaCl), Water",Tamil Nadu,non_vegetarian,lunch/dinner,main,139.8,4.9,4.8,18.9,0.356,per 100 g finished dish,400,559.2,19.6,19.2,75.6,1.424,IFCT 2017 ingredient-based estimate,https://www.nin.res.in/ebooks/IFCT2017.pdf,Egg biryani; per 100 g finished dish.,1424,356,diabetes,0,4,1
Egg Biryani + Chicken Curry,"Coriander leaves, Table salt (sodium from NaCl), Water, Chillies, green - all varieties, Ghee, Milk, whole, Cow, Garlic, big cloves, Gingelly oil, Tomato, ripe, local, Onion, big, Egg, poultry, whole, raw, Rice, raw, milled, Ginger, fresh, Turmeric powder, Cumin seeds, Coriander seeds, Chillies, red, Coconut, kernel, fresh, Chicken, poultry, leg, skinless",Tamil Nadu,non_vegetarian,lunch/dinner,main,164.2,6.2,6.8,11.7,0.367,per 100 g finished dish,400,656.8,24.8,27.2,46.8,1.468,Weighted combination of IFCT-based component dishes,https://www.nin.res.in/ebooks/IFCT2017.pdf,Egg biryani and chicken curry combo; per 100 g finished dish.,1468,367,hypertension,0,4,1
Egg Masala,"Egg, poultry, whole, raw, Onion, big, Tomato, ripe, local, Ginger, fresh, Garlic, big cloves, Coriander seeds, Cumin seeds, Turmeric powder, Groundnut oil, Table salt (sodium from NaCl), Water",Tamil Nadu,non_vegetarian,lunch/dinner,side,71.2,4.5,4.6,2.8,0.349,per 100 g finished dish,400,284.8,18,18.4,11.2,1.396,IFCT 2017 ingredient-based estimate,https://www.nin.res.in/ebooks/IFCT2017.pdf,Egg masala gravy; per 100 g finished dish.,1396,349,hypertension,0,4,2
Egg Roast,"Egg, poultry, whole, raw, Onion, big, Tomato, ripe, local, Ginger, fresh, Garlic, big cloves, Chillies, red, Coriander seeds, Turmeric powder, Groundnut oil, Table salt (sodium from NaCl), Water",Tamil Nadu,non_vegetarian,lunch/dinner,side,95,6.1,6.2,3.6,0.47,per 100 g finished dish,400,380,24.4,24.8,14.4,1.88,IFCT 2017 ingredient-based estimate,https://www.nin.res.in/ebooks/IFCT2017.pdf,Egg roast masala; per 100 g finished dish.,1880,470,hypertension,0,4,2
Fish Biryani,"Rice, raw, milled, Vanjaram, Onion, big, Tomato, ripe, local, Ginger, fresh, Garlic, big cloves, Milk, whole, Cow, Ghee, Gingelly oil, Coriander leaves, Chillies, green - all varieties, Table salt (sodium from NaCl), Water",Tamil Nadu,non_vegetarian,lunch/dinner,main,142.4,7.8,4.1,18.2,0.34,per 100 g finished dish,400,569.6,31.2,16.4,72.8,1.36,IFCT 2017 ingredient-based estimate,https://www.nin.res.in/ebooks/IFCT2017.pdf,Fish biryani; per 100 g finished dish.,1360,340,diabetes,0,4,1
Fish Biryani + Egg Curry,"Gingelly oil, Table salt (sodium from NaCl), Rice, raw, milled, Vanjaram, Onion, big, Tomato, ripe, local, Ginger, fresh, Garlic, big cloves, Milk, whole, Cow, Ghee, Coriander leaves, Chillies, green - all varieties, Water, Turmeric powder, Cumin seeds, Coriander seeds, Chillies, red, Egg, poultry, whole, raw",Tamil Nadu,non_vegetarian,lunch/dinner,main,108.6,6,4.4,11,0.352,per 100 g finished dish,400,434.4,24,17.6,44,1.408,Weighted combination of IFCT-based component dishes,https://www.nin.res.in/ebooks/IFCT2017.pdf,Fish biryani and egg curry combo; per 100 g finished dish.,1408,352,hypertension,0,4,1
Lemon Rice + Egg Curry,"Chillies, green - all varieties, Mustard seeds, Turmeric powder, Gingelly oil, Table salt (sodium from NaCl), Curry leaves, Lemon, juice, Water, Ginger, fresh, Rice, raw, milled, Cumin seeds, Coriander seeds, Chillies, red, Garlic, big cloves, Tomato, ripe, local, Egg, poultry, whole, raw, Onion, big",Tamil Nadu,non_vegetarian,lunch/dinner,main,98.8,3.1,3.6,13.1,0.333,per 100 g finished dish,400,395.2,12.4,14.4,52.4,1.332,Weighted combination of IFCT-based component dishes,https://www.nin.res.in/ebooks/IFCT2017.pdf,Lemon rice and egg curry combo; per 100 g finished dish.,1332,333,hypertension,0,4,1
Mutton Biryani,"Rice, raw, milled, Goat, shoulder, meat, Onion, big, Tomato, ripe, local, Ginger, fresh, Garlic, big cloves, Milk, whole, Cow, Ghee, Gingelly oil, Coriander leaves, Chillies, green - all varieties, Table salt (sodium from NaCl), Water",Tamil Nadu,non_vegetarian,lunch/dinner,main,148.1,7.2,5.8,16.4,0.297,per 100 g finished dish,400,592.4,28.8,23.2,65.6,1.188,IFCT 2017 ingredient-based estimate,https://www.nin.res.in/ebooks/IFCT2017.pdf,Mutton biryani; per 100 g finished dish.,1188,297,hypertension,0,4,1
Mutton Biryani + Egg Curry,"Onion, big, Tomato, ripe, local, Ginger, fresh, Garlic, big cloves, Milk, whole, Cow, Gingelly oil, Water, Goat, shoulder, meat, Table salt (sodium from NaCl), Chillies, green - all varieties, Coriander leaves, Ghee, Rice, raw, milled, Turmeric powder, Cumin seeds, Coriander seeds, Chillies, red, Egg, poultry, whole, raw",Tamil Nadu,non_vegetarian,lunch/dinner,main,111.8,5.8,5.3,10,0.328,per 100 g finished dish,400,447.2,23.2,21.2,40,1.312,Weighted combination of IFCT-based component dishes,https://www.nin.res.in/ebooks/IFCT2017.pdf,Mutton biryani and egg curry combo; per 100 g finished dish.,1312,328,hypertension,0,4,1
Mutton Curry,"Goat, shoulder, meat, Onion, big, Tomato, ripe, local, Ginger, fresh, Garlic, big cloves, Coconut, kernel, fresh, Gingelly oil, Chillies, red, Coriander seeds, Cumin seeds, Turmeric powder, Table salt (sodium from NaCl), Water",Tamil Nadu,non_vegetarian,lunch/dinner,side,113.2,8.2,7.8,2.5,0.307,per 100 g finished dish,400,452.8,32.8,31.2,10,1.228,IFCT 2017 ingredient-based estimate,https://www.nin.res.in/ebooks/IFCT2017.pdf,Mutton curry; per 100 g finished dish.,1228,307,hypertension,0,4,2
Mutton Pepper Fry,"Goat, shoulder, meat, Onion, big, Tomato, ripe, local, Ginger, fresh, Garlic, big cloves, Pepper, black, Cumin seeds, Coriander seeds, Coconut, kernel, fresh, Gingelly oil, Curry leaves, Turmeric powder, Table salt (sodium from NaCl), Water",Tamil Nadu,non_vegetarian,lunch/dinner,main,117.8,8,8.1,3.1,0.293,per 100 g finished dish,400,471.2,32,32.4,12.4,1.172,IFCT 2017 ingredient-based estimate,https://www.nin.res.in/ebooks/IFCT2017.pdf,Mutton pepper fry; per 100 g finished dish.,1172,293,hypertension,0,4,1
Prawn Curry,"Tiger prawns, brown, Onion, big, Tomato, ripe, local, Tamarind, pulp, Garlic, big cloves, Ginger, fresh, Coconut, kernel, fresh, Gingelly oil, Chillies, red, Coriander seeds, Cumin seeds, Turmeric powder, Table salt (sodium from NaCl), Water",Tamil Nadu,non_vegetarian,lunch/dinner,side,72.9,5.3,4,3.8,0.336,per 100 g finished dish,400,291.6,21.2,16,15.2,1.344,IFCT 2017 ingredient-based estimate,https://www.nin.res.in/ebooks/IFCT2017.pdf,Prawn curry; per 100 g finished dish.,1344,336,hypertension,0,4,2
Prawn Masala,"Tiger prawns, brown, Onion, big, Tomato, ripe, local, Ginger, fresh, Garlic, big cloves, Coriander seeds, Cumin seeds, Chillies, red, Turmeric powder, Gingelly oil, Table salt (sodium from NaCl), Water",Tamil Nadu,non_vegetarian,lunch/dinner,side,58.8,6.1,2.4,2.9,0.372,per 100 g finished dish,400,235.2,24.4,9.6,11.6,1.488,IFCT 2017 ingredient-based estimate,https://www.nin.res.in/ebooks/IFCT2017.pdf,Prawn masala gravy; per 100 g finished dish.,1488,372,hypertension,0,4,2
Tamarind Rice + Fish Fry,"Rice, raw, milled, Tamarind, pulp, Gingelly oil, Mustard seeds, Chillies, red, Asafoetida, Curry leaves, Water, Turmeric powder, Table salt (sodium from NaCl), Vanjaram, Garlic, big cloves, Lemon, juice, Ginger, fresh",Tamil Nadu,non_vegetarian,lunch/dinner,main,151.9,9.9,5.8,14.5,0.428,per 100 g finished dish,400,607.6,39.6,23.2,58,1.712,Weighted combination of IFCT-based component dishes,https://www.nin.res.in/ebooks/IFCT2017.pdf,Tamarind rice and fish fry combo; per 100 g finished dish.,1712,428,hypertension,0,4,1
Tomato Rice + Chicken Curry,"Tomato, ripe, local, Ginger, fresh, Water, Table salt (sodium from NaCl), Gingelly oil, Turmeric powder, Cumin seeds, Coriander seeds, Chillies, green - all varieties, Garlic, big cloves, Onion, big, Rice, raw, milled, Chillies, red, Coconut, kernel, fresh, Chicken, poultry, leg, skinless",Tamil Nadu,non_vegetarian,lunch/dinner,main,151.7,4.8,5.5,12.7,0.347,per 100 g finished dish,400,606.8,19.2,22,50.8,1.388,Weighted combination of IFCT-based component dishes,https://www.nin.res.in/ebooks/IFCT2017.pdf,Tomato rice and chicken curry combo; per 100 g finished dish.,1388,347,hypertension,0,4,1
Vegetable Biryani + Egg Curry,"Potato, brown skin, big, Tomato, ripe, local, Chillies, green - all varieties, Garlic, big cloves, Onion, big, French beans, country, Peas, fresh, Milk, whole, Cow, Ghee, Gingelly oil, Ginger, fresh, Water, Table salt (sodium from NaCl), Coriander leaves, Carrot, orange, Rice, raw, milled, Turmeric powder, Cumin seeds, Coriander seeds, Chillies, red, Egg, poultry, whole, raw",Tamil Nadu,non_vegetarian,lunch/dinner,main,93.7,3.3,3.6,11.7,0.34,per 100 g finished dish,400,374.8,13.2,14.4,46.8,1.36,Weighted combination of IFCT-based component dishes,https://www.nin.res.in/ebooks/IFCT2017.pdf,Vegetable biryani and egg curry combo; per 100 g finished dish.,1360,340,hypertension,0,4,1
White Rice + Anchovy Curry,"Rice, raw, milled, Water, Table salt (sodium from NaCl), Turmeric powder, Cumin seeds, Coriander seeds, Chillies, red, Onion, small, Garlic, big cloves, Tamarind, pulp, Tomato, ripe, local, Anchovy, Gingelly oil",Tamil Nadu,non_vegetarian,lunch/dinner,main,88.8,4.2,1.2,14.8,0.147,per 100 g finished dish,400,355.2,16.8,4.8,59.2,0.588,Weighted combination of IFCT-based component dishes,https://www.nin.res.in/ebooks/IFCT2017.pdf,Rice and anchovy curry combo; per 100 g finished dish.,588,147,healthy,0,4,1
White Rice + Chicken Curry,"Rice, raw, milled, Water, Turmeric powder, Cumin seeds, Coriander seeds, Chillies, red, Gingelly oil, Coconut, kernel, fresh, Garlic, big cloves, Ginger, fresh, Tomato, ripe, local, Onion, big, Chicken, poultry, leg, skinless, Table salt (sodium from NaCl)",Tamil Nadu,non_vegetarian,lunch/dinner,main,146.2,4.8,4.3,14.2,0.172,per 100 g finished dish,400,584.8,19.2,17.2,56.8,0.688,Weighted combination of IFCT-based component dishes,https://www.nin.res.in/ebooks/IFCT2017.pdf,Rice and chicken curry combo; per 100 g finished dish.,688,172,healthy,0,4,1
White Rice + Chicken Curry + Cabbage Poriyal,"Rice, raw, milled, Water, Turmeric powder, Cumin seeds, Coriander seeds, Chillies, red, Gingelly oil, Coconut, kernel, fresh, Garlic, big cloves, Ginger, fresh, Tomato, ripe, local, Onion, big, Chicken, poultry, leg, skinless, Table salt (sodium from NaCl), Chillies, green - all varieties, Cabbage, green, Mustard seeds",Tamil Nadu,non_vegetarian,lunch/dinner,main,127,3.9,4.3,12.4,0.18,per 100 g finished dish,400,508,15.6,17.2,49.6,0.72,Weighted combination of IFCT-based component dishes,https://www.nin.res.in/ebooks/IFCT2017.pdf,"Rice, chicken curry and cabbage poriyal combo; per 100 g finished dish.",720,180,healthy,0,4,1
White Rice + Chicken Masala,"Rice, raw, milled, Water, Chicken, poultry, leg, skinless, Onion, big, Tomato, ripe, local, Ginger, fresh, Garlic, big cloves, Coriander seeds, Cumin seeds, Chillies, red, Turmeric powder, Groundnut oil, Table salt (sodium from NaCl)",Tamil Nadu,non_vegetarian,lunch/dinner,main,131.9,4.6,2.9,14,0.117,per 100 g finished dish,400,527.6,18.4,11.6,56,0.468,Weighted combination of IFCT-based component dishes,https://www.nin.res.in/ebooks/IFCT2017.pdf,Rice and chicken masala combo; per 100 g finished dish.,468,117,healthy,0,4,1
White Rice + Chicken Sukka,"Rice, raw, milled, Water, Table salt (sodium from NaCl), Curry leaves, Chicken, poultry, leg, skinless, Onion, big, Cumin seeds, Pepper, black, Gingelly oil, Coconut, kernel, fresh, Garlic, big cloves, Ginger, fresh, Tomato, ripe, local, Turmeric powder, Chillies, red, Coriander seeds",Tamil Nadu,non_vegetarian,lunch/dinner,main,162.3,5.6,4.7,14.3,0.153,per 100 g finished dish,400,649.2,22.4,18.8,57.2,0.612,Weighted combination of IFCT-based component dishes,https://www.nin.res.in/ebooks/IFCT2017.pdf,Rice and chicken sukka combo; per 100 g finished dish.,612,153,healthy,0,4,1
White Rice + Egg Curry,"Rice, raw, milled, Water, Table salt (sodium from NaCl), Turmeric powder, Cumin seeds, Coriander seeds, Chillies, red, Gingelly oil, Garlic, big cloves, Tomato, ripe, local, Ginger, fresh, Egg, poultry, whole, raw, Onion, big",Tamil Nadu,non_vegetarian,lunch/dinner,main,89.1,3.1,2.2,13.9,0.165,per 100 g finished dish,400,356.4,12.4,8.8,55.6,0.66,Weighted combination of IFCT-based component dishes,https://www.nin.res.in/ebooks/IFCT2017.pdf,Rice and egg curry combo; per 100 g finished dish.,660,165,healthy,0,4,1
White Rice + Egg Curry + Beans Poriyal,"Rice, raw, milled, Water, Table salt (sodium from NaCl), Turmeric powder, Cumin seeds, Coriander seeds, Chillies, red, Gingelly oil, Garlic, big cloves, Tomato, ripe, local, Ginger, fresh, Egg, poultry, whole, raw, Onion, big, French beans, country, Mustard seeds, Chillies, green - all varieties, Coconut, kernel, fresh",Tamil Nadu,non_vegetarian,lunch/dinner,main,88.5,2.9,3,12.1,0.18,per 100 g finished dish,400,354,11.6,12,48.4,0.72,Weighted combination of IFCT-based component dishes,https://www.nin.res.in/ebooks/IFCT2017.pdf,"Rice, egg curry and beans poriyal combo; per 100 g finished dish.",720,180,healthy,0,4,1
White Rice + Egg Masala,"Rice, raw, milled, Water, Egg, poultry, whole, raw, Onion, big, Tomato, ripe, local, Ginger, fresh, Garlic, big cloves, Coriander seeds, Cumin seeds, Turmeric powder, Groundnut oil, Table salt (sodium from NaCl)",Tamil Nadu,non_vegetarian,lunch/dinner,main,90.8,3.3,2.2,14.2,0.157,per 100 g finished dish,400,363.2,13.2,8.8,56.8,0.628,Weighted combination of IFCT-based component dishes,https://www.nin.res.in/ebooks/IFCT2017.pdf,Rice and egg masala combo; per 100 g finished dish.,628,157,healthy,0,4,1
White Rice + Egg Roast,"Rice, raw, milled, Water, Egg, poultry, whole, raw, Onion, big, Tomato, ripe, local, Ginger, fresh, Garlic, big cloves, Chillies, red, Coriander seeds, Turmeric powder, Groundnut oil, Table salt (sodium from NaCl)",Tamil Nadu,non_vegetarian,lunch/dinner,main,101.5,4,2.9,14.5,0.212,per 100 g finished dish,400,406,16,11.6,58,0.848,Weighted combination of IFCT-based component dishes,https://www.nin.res.in/ebooks/IFCT2017.pdf,Rice and egg roast combo; per 100 g finished dish.,848,212,hypertension,0,4,1
White Rice + Fish Curry,"Rice, raw, milled, Water, Table salt (sodium from NaCl), Tomato, ripe, local, Tamarind, pulp, Garlic, big cloves, Ginger, fresh, Coconut, kernel, fresh, Gingelly oil, Chillies, red, Coriander seeds, Cumin seeds, Turmeric powder, Vanjaram, Onion, big",Tamil Nadu,non_vegetarian,lunch/dinner,main,106.1,5.1,2.8,14.9,0.165,per 100 g finished dish,400,424.4,20.4,11.2,59.6,0.66,Weighted combination of IFCT-based component dishes,https://www.nin.res.in/ebooks/IFCT2017.pdf,Rice and fish curry combo; per 100 g finished dish.,660,165,healthy,0,4,1
White Rice + Fish Curry + Beans Poriyal,"Rice, raw, milled, Water, Table salt (sodium from NaCl), Tomato, ripe, local, Tamarind, pulp, Garlic, big cloves, Ginger, fresh, Coconut, kernel, fresh, Gingelly oil, Chillies, red, Coriander seeds, Cumin seeds, Turmeric powder, Vanjaram, Onion, big, French beans, country, Mustard seeds, Chillies, green - all varieties",Tamil Nadu,non_vegetarian,lunch/dinner,main,100.8,4.3,3.4,12.8,0.18,per 100 g finished dish,400,403.2,17.2,13.6,51.2,0.72,Weighted combination of IFCT-based component dishes,https://www.nin.res.in/ebooks/IFCT2017.pdf,"Rice, fish curry and beans poriyal combo; per 100 g finished dish.",720,180,healthy,0,4,1
White Rice + Fish Fry,"Rice, raw, milled, Water, Vanjaram, Garlic, big cloves, Chillies, red, Turmeric powder, Gingelly oil, Table salt (sodium from NaCl), Lemon, juice, Ginger, fresh",Tamil Nadu,non_vegetarian,lunch/dinner,main,133.4,9.8,4.2,13.5,0.224,per 100 g finished dish,400,533.6,39.2,16.8,54,0.896,Weighted combination of IFCT-based component dishes,https://www.nin.res.in/ebooks/IFCT2017.pdf,Rice and fish fry combo; per 100 g finished dish.,896,224,hypertension,0,4,1
White Rice + Mutton Chukka,"Rice, raw, milled, Water, Onion, big, Pepper, black, Goat, shoulder, meat, Tomato, ripe, local, Ginger, fresh, Garlic, big cloves, Coriander seeds, Cumin seeds, Gingelly oil, Curry leaves, Table salt (sodium from NaCl)",Tamil Nadu,non_vegetarian,lunch/dinner,main,111,5.4,3.5,14.1,0.177,per 100 g finished dish,400,444,21.6,14,56.4,0.708,Weighted combination of IFCT-based component dishes,https://www.nin.res.in/ebooks/IFCT2017.pdf,Rice and mutton chukka combo; per 100 g finished dish.,708,177,healthy,0,4,1
White Rice + Mutton Curry,"Rice, raw, milled, Water, Table salt (sodium from NaCl), Onion, big, Tomato, ripe, local, Ginger, fresh, Garlic, big cloves, Coconut, kernel, fresh, Gingelly oil, Chillies, red, Turmeric powder, Cumin seeds, Coriander seeds, Goat, shoulder, meat",Tamil Nadu,non_vegetarian,lunch/dinner,main,109.7,5,3.6,14,0.138,per 100 g finished dish,400,438.8,20,14.4,56,0.552,Weighted combination of IFCT-based component dishes,https://www.nin.res.in/ebooks/IFCT2017.pdf,Rice and mutton curry combo; per 100 g finished dish.,552,138,healthy,0,4,1
White Rice + Mutton Curry + Cabbage Poriyal,"Rice, raw, milled, Water, Table salt (sodium from NaCl), Onion, big, Tomato, ripe, local, Ginger, fresh, Garlic, big cloves, Coconut, kernel, fresh, Gingelly oil, Chillies, red, Turmeric powder, Cumin seeds, Coriander seeds, Goat, shoulder, meat, Chillies, green - all varieties, Cabbage, green, Mustard seeds",Tamil Nadu,non_vegetarian,lunch/dinner,main,100.7,4.1,3.8,12.3,0.156,per 100 g finished dish,400,402.8,16.4,15.2,49.2,0.624,Weighted combination of IFCT-based component dishes,https://www.nin.res.in/ebooks/IFCT2017.pdf,"Rice, mutton curry and cabbage poriyal combo; per 100 g finished dish.",624,156,healthy,0,4,1
White Rice + Mutton Pepper Fry,"Rice, raw, milled, Water, Goat, shoulder, meat, Onion, big, Tomato, ripe, local, Ginger, fresh, Garlic, big cloves, Pepper, black, Cumin seeds, Coriander seeds, Coconut, kernel, fresh, Gingelly oil, Curry leaves, Turmeric powder, Table salt (sodium from NaCl)",Tamil Nadu,non_vegetarian,lunch/dinner,main,111.8,4.9,3.7,14.3,0.132,per 100 g finished dish,400,447.2,19.6,14.8,57.2,0.528,Weighted combination of IFCT-based component dishes,https://www.nin.res.in/ebooks/IFCT2017.pdf,Rice and mutton pepper fry combo; per 100 g finished dish.,528,132,healthy,0,4,1
White Rice + Omelette,"Rice, raw, milled, Water, Egg, poultry, whole, raw, Onion, big, Coriander leaves, Gingelly oil, Table salt (sodium from NaCl), Chillies, green - all varieties",Tamil Nadu,non_vegetarian,lunch/dinner,main,120.6,5.7,4.2,14.7,0.137,per 100 g finished dish,400,482.4,22.8,16.8,58.8,0.548,Weighted combination of IFCT-based component dishes,https://www.nin.res.in/ebooks/IFCT2017.pdf,Rice and omelette combo; per 100 g finished dish.,548,137,healthy,0,4,1
White Rice + Pepper Chicken,"Rice, raw, milled, Water, Chicken, poultry, leg, skinless, Onion, big, Tomato, ripe, local, Ginger, fresh, Garlic, big cloves, Pepper, black, Cumin seeds, Curry leaves, Gingelly oil, Table salt (sodium from NaCl)",Tamil Nadu,non_vegetarian,lunch/dinner,main,154.5,5.7,3.8,13.9,0.203,per 100 g finished dish,400,618,22.8,15.2,55.6,0.812,Weighted combination of IFCT-based component dishes,https://www.nin.res.in/ebooks/IFCT2017.pdf,Rice and pepper chicken combo; per 100 g finished dish.,812,203,hypertension,0,4,1
White Rice + Prawn Curry,"Rice, raw, milled, Water, Onion, big, Tiger prawns, brown, Cumin seeds, Coriander seeds, Tomato, ripe, local, Garlic, big cloves, Gingelly oil, Coconut, kernel, fresh, Ginger, fresh, Table salt (sodium from NaCl), Tamarind, pulp, Chillies, red, Turmeric powder",Tamil Nadu,non_vegetarian,lunch/dinner,main,91.6,3.7,1.9,14.6,0.152,per 100 g finished dish,400,366.4,14.8,7.6,58.4,0.608,Weighted combination of IFCT-based component dishes,https://www.nin.res.in/ebooks/IFCT2017.pdf,Rice and prawn curry combo; per 100 g finished dish.,608,152,healthy,0,4,1
White Rice + Prawn Masala,"Rice, raw, milled, Water, Tiger prawns, brown, Onion, big, Tomato, ripe, local, Ginger, fresh, Garlic, big cloves, Coriander seeds, Cumin seeds, Chillies, red, Turmeric powder, Gingelly oil, Table salt (sodium from NaCl)",Tamil Nadu,non_vegetarian,lunch/dinner,main,85.3,4,1.2,14.2,0.168,per 100 g finished dish,400,341.2,16,4.8,56.8,0.672,Weighted combination of IFCT-based component dishes,https://www.nin.res.in/ebooks/IFCT2017.pdf,Rice and prawn masala combo; per 100 g finished dish.,672,168,healthy,0,4,1
White Rice + Prawn Thokku,"Rice, raw, milled, Water, Turmeric powder, Tomato, ripe, local, Garlic, big cloves, Chillies, red, Gingelly oil, Curry leaves, Table salt (sodium from NaCl), Tiger prawns, brown, Ginger, fresh, Onion, big",Tamil Nadu,non_vegetarian,lunch/dinner,main,88.8,4.5,1.4,14.1,0.24,per 100 g finished dish,400,355.2,18,5.6,56.4,0.96,Weighted combination of IFCT-based component dishes,https://www.nin.res.in/ebooks/IFCT2017.pdf,Rice and prawn thokku combo; per 100 g finished dish.,960,240,hypertension,0,4,1
Amaranth Poriyal,"Amaranth leaves, green, Onion, big, Coconut, kernel, fresh, Mustard seeds, Chillies, red, Groundnut oil, Table salt (sodium from NaCl)",Tamil Nadu,vegetarian,lunch/dinner,side,92.4,3.1,6.8,4.2,0.458,per 100 g finished dish,400,369.6,12.4,27.2,16.8,1.832,IFCT 2017 ingredient-based estimate,https://www.nin.res.in/ebooks/IFCT2017.pdf,Amaranth greens poriyal; per 100 g finished dish.,1832,458,hypertension,1,4,2
Beans Poriyal,"French beans, country, Onion, big, Coconut, kernel, fresh, Chillies, green - all varieties, Mustard seeds, Gingelly oil, Table salt (sodium from NaCl), Water",Tamil Nadu,vegetarian,lunch/dinner,side,82.4,2.3,6.3,3.8,0.271,per 100 g finished dish,400,329.6,9.2,25.2,15.2,1.084,IFCT 2017 ingredient-based estimate,https://www.nin.res.in/ebooks/IFCT2017.pdf,Beans poriyal with coconut; per 100 g finished dish.,1084,271,hypertension,1,4,2
Brinjal Kara Kuzhambu,"Brinjal 1, Onion, small, Tomato, ripe, local, Tamarind, pulp, Garlic, big cloves, Gingelly oil, Mustard seeds, Chillies, red, Coriander seeds, Turmeric powder, Curry leaves, Table salt (sodium from NaCl), Water",Tamil Nadu,vegetarian,lunch/dinner,side,49.1,1.2,2.4,5.2,0.266,per 100 g finished dish,400,196.4,4.8,9.6,20.8,1.064,IFCT 2017 ingredient-based estimate,https://www.nin.res.in/ebooks/IFCT2017.pdf,Brinjal tamarind kuzhambu; per 100 g finished dish.,1064,266,hypertension,1,4,2
Cabbage Kootu,"Cabbage, green, Red gram, dal, Coconut, kernel, fresh, Cumin seeds, Chillies, green - all varieties, Turmeric powder, Table salt (sodium from NaCl), Water",Tamil Nadu,vegetarian,lunch/dinner,side,48.2,2.2,1.9,5.3,0.247,per 100 g finished dish,400,192.8,8.8,7.6,21.2,0.988,IFCT 2017 ingredient-based estimate,https://www.nin.res.in/ebooks/IFCT2017.pdf,Cabbage kootu; per 100 g finished dish.,988,247,hypertension,1,4,2
Cabbage Poriyal,"Cabbage, green, Onion, big, Coconut, kernel, fresh, Chillies, green - all varieties, Mustard seeds, Gingelly oil, Table salt (sodium from NaCl), Water",Tamil Nadu,vegetarian,lunch/dinner,side,70.3,1.5,5.2,4,0.249,per 100 g finished dish,400,281.2,6,20.8,16,0.996,IFCT 2017 ingredient-based estimate,https://www.nin.res.in/ebooks/IFCT2017.pdf,Cabbage poriyal with coconut; per 100 g finished dish.,996,249,hypertension,1,4,2
Carrot Poriyal,"Carrot, orange, Onion, big, Coconut, kernel, fresh, Chillies, green - all varieties, Mustard seeds, Gingelly oil, Table salt (sodium from NaCl), Water",Tamil Nadu,vegetarian,lunch/dinner,side,84.1,1.3,6,5.7,0.303,per 100 g finished dish,400,336.4,5.2,24,22.8,1.212,IFCT 2017 ingredient-based estimate,https://www.nin.res.in/ebooks/IFCT2017.pdf,Carrot poriyal with coconut; per 100 g finished dish.,1212,303,hypertension,1,4,2
Cauliflower Poriyal,"Cauliflower, Onion, big, Coconut, kernel, fresh, Chillies, green - all varieties, Mustard seeds, Gingelly oil, Table salt (sodium from NaCl), Water",Tamil Nadu,vegetarian,lunch/dinner,side,65.8,1.9,5,3,0.258,per 100 g finished dish,400,263.2,7.6,20,12,1.032,IFCT 2017 ingredient-based estimate,https://www.nin.res.in/ebooks/IFCT2017.pdf,Cauliflower poriyal with coconut; per 100 g finished dish.,1032,258,hypertension,1,4,2
Lemon Rasam,"Tamarind, pulp, Tomato, ripe, local, Cumin seeds, Pepper, black, Coriander seeds, Curry leaves, Lemon, juice, Garlic, big cloves, Table salt (sodium from NaCl), Water",Tamil Nadu,vegetarian,lunch/dinner,side,8.9,0.3,0.2,1.3,0.202,per 100 g finished dish,400,35.6,1.2,0.8,5.2,0.808,IFCT 2017 ingredient-based estimate,https://www.nin.res.in/ebooks/IFCT2017.pdf,Lemon rasam; per 100 g finished dish.,808,202,hypertension,1,4,2
Pepper Rasam,"Tamarind, pulp, Garlic, big cloves, Cumin seeds, Pepper, black, Coriander seeds, Curry leaves, Table salt (sodium from NaCl), Tomato, ripe, local, Water",Tamil Nadu,vegetarian,lunch/dinner,side,12.8,0.4,0.2,2.2,0.209,per 100 g finished dish,400,51.2,1.6,0.8,8.8,0.836,IFCT 2017 ingredient-based estimate,https://www.nin.res.in/ebooks/IFCT2017.pdf,Pepper rasam; per 100 g finished dish.,836,209,hypertension,1,4,2
Potato Poriyal,"Potato, brown skin, big, Onion, big, Mustard seeds, Turmeric powder, Curry leaves, Groundnut oil, Table salt (sodium from NaCl)",Tamil Nadu,vegetarian,lunch/dinner,side,91.1,1.7,3.1,13.5,0.521,per 100 g finished dish,400,364.4,6.8,12.4,54,2.084,IFCT 2017 ingredient-based estimate,https://www.nin.res.in/ebooks/IFCT2017.pdf,Potato poriyal; per 100 g finished dish.,2084,521,hypertension,1,4,2
Rasam,"Tomato, ripe, local, Tamarind, pulp, Garlic, big cloves, Pepper, black, Cumin seeds, Coriander leaves, Curry leaves, Mustard seeds, Gingelly oil, Table salt (sodium from NaCl), Water",Tamil Nadu,vegetarian,lunch/dinner,side,15.5,0.4,0.6,1.9,0.2,per 100 g finished dish,400,62,1.6,2.4,7.6,0.8,IFCT 2017 ingredient-based estimate,https://www.nin.res.in/ebooks/IFCT2017.pdf,Standard tomato-pepper rasam; per 100 g finished dish.,800,200,healthy,1,4,2
Raw Banana Roast,"Plantain, green, Onion, big, Chillies, red, Turmeric powder, Mustard seeds, Groundnut oil, Table salt (sodium from NaCl)",Tamil Nadu,vegetarian,lunch/dinner,side,109,1.4,3.9,16.3,0.578,per 100 g finished dish,400,436,5.6,15.6,65.2,2.312,IFCT 2017 ingredient-based estimate,https://www.nin.res.in/ebooks/IFCT2017.pdf,Raw banana roast; per 100 g finished dish.,2312,578,hypertension,1,4,2
Sambar,"Red gram, dal, Drumstick, Onion, big, Tomato, ripe, local, Tamarind, pulp, Gingelly oil, Chillies, red, Coriander seeds, Turmeric powder, Asafoetida, Mustard seeds, Curry leaves, Table salt (sodium from NaCl), Water",Tamil Nadu,vegetarian,lunch/dinner,side,58.1,2.9,1.2,8.4,0.269,per 100 g finished dish,400,232.4,11.6,4.8,33.6,1.076,IFCT 2017 ingredient-based estimate,https://www.nin.res.in/ebooks/IFCT2017.pdf,Drumstick-onion sambar; per 100 g finished dish.,1076,269,hypertension,1,4,2
Spinach Kootu,"Spinach, Red gram, dal, Coconut, kernel, fresh, Cumin seeds, Chillies, green - all varieties, Turmeric powder, Table salt (sodium from NaCl), Water",Tamil Nadu,vegetarian,lunch/dinner,side,49,2.3,2.1,5,0.254,per 100 g finished dish,400,196,9.2,8.4,20,1.016,IFCT 2017 ingredient-based estimate,https://www.nin.res.in/ebooks/IFCT2017.pdf,Spinach kootu; per 100 g finished dish.,1016,254,hypertension,1,4,2
Spinach Poriyal,"Spinach, Onion, big, Coconut, kernel, fresh, Mustard seeds, Chillies, red, Groundnut oil, Table salt (sodium from NaCl)",Tamil Nadu,vegetarian,lunch/dinner,side,88.2,2.3,6.8,4.1,0.476,per 100 g finished dish,400,352.8,9.2,27.2,16.4,1.904,IFCT 2017 ingredient-based estimate,https://www.nin.res.in/ebooks/IFCT2017.pdf,Spinach poriyal; per 100 g finished dish.,1904,476,hypertension,1,4,2
Tomato Rasam,"Tomato, ripe, local, Tamarind, pulp, Garlic, big cloves, Cumin seeds, Pepper, black, Coriander seeds, Curry leaves, Table salt (sodium from NaCl), Water",Tamil Nadu,vegetarian,lunch/dinner,side,12.7,0.4,0.2,2.2,0.198,per 100 g finished dish,400,50.8,1.6,0.8,8.8,0.792,IFCT 2017 ingredient-based estimate,https://www.nin.res.in/ebooks/IFCT2017.pdf,Tomato rasam; per 100 g finished dish.,792,198,healthy,1,4,2
Vegetable Biryani,"Rice, raw, milled, Onion, big, Tomato, ripe, local, Potato, brown skin, big, Carrot, orange, French beans, country, Peas, fresh, Milk, whole, Cow, Ghee, Gingelly oil, Ginger, fresh, Garlic, big cloves, Chillies, green - all varieties, Coriander leaves, Table salt (sodium from NaCl), Water",Tamil Nadu,vegetarian,lunch/dinner,main,115.3,2.7,2.7,19.5,0.32,per 100 g finished dish,400,461.2,10.8,10.8,78,1.28,IFCT 2017 ingredient-based estimate,https://www.nin.res.in/ebooks/IFCT2017.pdf,Vegetable biryani; per 100 g finished dish.,1280,320,diabetes,1,4,1
Vegetable Kurma,"Potato, brown skin, big, Carrot, orange, French beans, country, Peas, fresh, Onion, big, Tomato, ripe, local, Coconut, kernel, fresh, Chillies, green - all varieties, Ginger, fresh, Garlic, big cloves, Cumin seeds, Turmeric powder, Gingelly oil, Table salt (sodium from NaCl), Water",Tamil Nadu,vegetarian,lunch/dinner,side,50.3,1.2,3.2,4,0.185,per 100 g finished dish,400,201.2,4.8,12.8,16,0.74,IFCT 2017 ingredient-based estimate,https://www.nin.res.in/ebooks/IFCT2017.pdf,Mixed vegetable kurma; per 100 g finished dish.,740,185,healthy,1,4,2
White Rice,"Rice, raw, milled, Water",Tamil Nadu,vegetarian,lunch/dinner,side,106.9,2.4,0.2,23.5,0.001,per 100 g finished dish,400,427.6,9.6,0.8,94,0.004,IFCT 2017 ingredient-based estimate,https://www.nin.res.in/ebooks/IFCT2017.pdf,Plain cooked white rice; per 100 g finished dish.,4,1,healthy,1,4,2
White Rice + Avial,"Rice, raw, milled, Water, Chillies, green - all varieties, Milk, whole, Cow, Curry leaves, Turmeric powder, Cumin seeds, Coconut oil, Coconut, kernel, fresh, Drumstick, French beans, country, Carrot, orange, Ash gourd, Plantain, green, Table salt (sodium from NaCl)",Tamil Nadu,vegetarian,lunch/dinner,main,96,2,3,14.9,0.137,per 100 g finished dish,400,384,8,12,59.6,0.548,Weighted combination of IFCT-based component dishes,https://www.nin.res.in/ebooks/IFCT2017.pdf,Rice and avial combo; per 100 g finished dish.,548,137,healthy,1,4,1
White Rice + Beans Poriyal,"Rice, raw, milled, Water, French beans, country, Gingelly oil, Mustard seeds, Chillies, green - all varieties, Coconut, kernel, fresh, Onion, big, Table salt (sodium from NaCl)",Tamil Nadu,vegetarian,lunch/dinner,main,97.7,2.4,2.5,16.1,0.102,per 100 g finished dish,400,390.8,9.6,10,64.4,0.408,Weighted combination of IFCT-based component dishes,https://www.nin.res.in/ebooks/IFCT2017.pdf,Rice and beans poriyal combo; per 100 g finished dish.,408,102,healthy,1,4,1
White Rice + Brinjal Kara Kuzhambu,"Rice, raw, milled, Water, Chillies, red, Coriander seeds, Turmeric powder, Curry leaves, Table salt (sodium from NaCl), Garlic, big cloves, Tamarind, pulp, Tomato, ripe, local, Gingelly oil, Brinjal 1, Mustard seeds, Onion, small",Tamil Nadu,vegetarian,lunch/dinner,main,80.9,1.9,1.2,15.2,0.12,per 100 g finished dish,400,323.6,7.6,4.8,60.8,0.48,Weighted combination of IFCT-based component dishes,https://www.nin.res.in/ebooks/IFCT2017.pdf,Rice and brinjal kara kuzhambu combo; per 100 g finished dish.,480,120,healthy,1,4,1
White Rice + Cabbage Kootu,"Rice, raw, milled, Water, Cabbage, green, Red gram, dal, Coconut, kernel, fresh, Cumin seeds, Chillies, green - all varieties, Turmeric powder, Table salt (sodium from NaCl)",Tamil Nadu,vegetarian,lunch/dinner,main,80.5,2.3,1,15.3,0.112,per 100 g finished dish,400,322,9.2,4,61.2,0.448,Weighted combination of IFCT-based component dishes,https://www.nin.res.in/ebooks/IFCT2017.pdf,Rice and cabbage kootu combo; per 100 g finished dish.,448,112,healthy,1,4,1
White Rice + Cabbage Poriyal,"Rice, raw, milled, Water, Table salt (sodium from NaCl), Gingelly oil, Chillies, green - all varieties, Coconut, kernel, fresh, Onion, big, Cabbage, green, Mustard seeds",Tamil Nadu,vegetarian,lunch/dinner,main,93.2,2.1,2.1,16.2,0.094,per 100 g finished dish,400,372.8,8.4,8.4,64.8,0.376,Weighted combination of IFCT-based component dishes,https://www.nin.res.in/ebooks/IFCT2017.pdf,Rice and cabbage poriyal combo; per 100 g finished dish.,376,94,healthy,1,4,1
White Rice + Keerai Masiyal,"Rice, raw, milled, Water, Table salt (sodium from NaCl), Chillies, green - all varieties, Red gram, dal, Garlic, big cloves, Tomato, ripe, local, Onion, big, Amaranth leaves, green, Cumin seeds, Gingelly oil",Tamil Nadu,vegetarian,lunch/dinner,main,82,2.7,0.8,15.5,0.13,per 100 g finished dish,400,328,10.8,3.2,62,0.52,Weighted combination of IFCT-based component dishes,https://www.nin.res.in/ebooks/IFCT2017.pdf,Rice and keerai masiyal combo; per 100 g finished dish.,520,130,healthy,1,4,1
White Rice + Kootu,"Rice, raw, milled, Water, Gingelly oil, Table salt (sodium from NaCl), Ash gourd, Carrot, orange, Green gram, dal, Cumin seeds, Chillies, green - all varieties, Turmeric powder, Coconut, kernel, fresh",Tamil Nadu,vegetarian,lunch/dinner,main,93.9,2.6,2,16,0.142,per 100 g finished dish,400,375.6,10.4,8,64,0.568,Weighted combination of IFCT-based component dishes,https://www.nin.res.in/ebooks/IFCT2017.pdf,Rice and kootu combo; per 100 g finished dish.,568,142,healthy,1,4,1
White Rice + Lemon Rasam,"Rice, raw, milled, Water, Tamarind, pulp, Tomato, ripe, local, Cumin seeds, Pepper, black, Coriander seeds, Curry leaves, Lemon, juice, Garlic, big cloves, Table salt (sodium from NaCl)",Tamil Nadu,vegetarian,lunch/dinner,main,62.8,1.4,0.2,13.5,0.091,per 100 g finished dish,400,251.2,5.6,0.8,54,0.364,Weighted combination of IFCT-based component dishes,https://www.nin.res.in/ebooks/IFCT2017.pdf,Rice and lemon rasam combo; per 100 g finished dish.,364,91,healthy,1,4,1
White Rice + Pepper Rasam,"Rice, raw, milled, Water, Tamarind, pulp, Garlic, big cloves, Cumin seeds, Pepper, black, Coriander seeds, Curry leaves, Table salt (sodium from NaCl), Tomato, ripe, local",Tamil Nadu,vegetarian,lunch/dinner,main,64.5,1.5,0.2,13.9,0.095,per 100 g finished dish,400,258,6,0.8,55.6,0.38,Weighted combination of IFCT-based component dishes,https://www.nin.res.in/ebooks/IFCT2017.pdf,Rice and pepper rasam combo; per 100 g finished dish.,380,95,healthy,1,4,1
White Rice + Potato Poriyal,"Rice, raw, milled, Water, Potato, brown skin, big, Onion, big, Mustard seeds, Turmeric powder, Curry leaves, Groundnut oil, Table salt (sodium from NaCl)",Tamil Nadu,vegetarian,lunch/dinner,main,101,2.1,1.3,19.7,0.196,per 100 g finished dish,400,404,8.4,5.2,78.8,0.784,Weighted combination of IFCT-based component dishes,https://www.nin.res.in/ebooks/IFCT2017.pdf,Rice and potato poriyal combo; per 100 g finished dish.,784,196,diabetes,1,4,1
White Rice + Rasam,"Rice, raw, milled, Water, Mustard seeds, Curry leaves, Coriander leaves, Cumin seeds, Pepper, black, Garlic, big cloves, Tamarind, pulp, Tomato, ripe, local, Gingelly oil, Table salt (sodium from NaCl)",Tamil Nadu,vegetarian,lunch/dinner,main,65.8,1.5,0.4,13.8,0.09,per 100 g finished dish,400,263.2,6,1.6,55.2,0.36,Weighted combination of IFCT-based component dishes,https://www.nin.res.in/ebooks/IFCT2017.pdf,Rice and rasam combo; per 100 g finished dish.,360,90,healthy,1,4,1
White Rice + Rasam + Potato Poriyal,"Rice, raw, milled, Water, Mustard seeds, Curry leaves, Coriander leaves, Cumin seeds, Pepper, black, Garlic, big cloves, Tamarind, pulp, Tomato, ripe, local, Gingelly oil, Table salt (sodium from NaCl), Potato, brown skin, big, Onion, big, Turmeric powder, Groundnut oil",Tamil Nadu,vegetarian,lunch/dinner,main,73.6,1.6,1,14.2,0.182,per 100 g finished dish,400,294.4,6.4,4,56.8,0.728,Weighted combination of IFCT-based component dishes,https://www.nin.res.in/ebooks/IFCT2017.pdf,"Rice, rasam and potato poriyal combo; per 100 g finished dish.",728,182,healthy,1,4,1
White Rice + Raw Banana Roast,"Rice, raw, milled, Water, Plantain, green, Onion, big, Chillies, red, Turmeric powder, Mustard seeds, Groundnut oil, Table salt (sodium from NaCl)",Tamil Nadu,vegetarian,lunch/dinner,main,107.7,2,1.6,20.8,0.217,per 100 g finished dish,400,430.8,8,6.4,83.2,0.868,Weighted combination of IFCT-based component dishes,https://www.nin.res.in/ebooks/IFCT2017.pdf,Rice and raw banana roast combo; per 100 g finished dish.,868,217,diabetes,1,4,1
White Rice + Sambar,"Rice, raw, milled, Water, Chillies, red, Coriander seeds, Turmeric powder, Gingelly oil, Tamarind, pulp, Asafoetida, Onion, big, Drumstick, Red gram, dal, Table salt (sodium from NaCl), Mustard seeds, Tomato, ripe, local, Curry leaves",Tamil Nadu,vegetarian,lunch/dinner,main,84.9,2.6,0.6,16.7,0.121,per 100 g finished dish,400,339.6,10.4,2.4,66.8,0.484,Weighted combination of IFCT-based component dishes,https://www.nin.res.in/ebooks/IFCT2017.pdf,Rice and sambar combo; per 100 g finished dish.,484,121,healthy,1,4,1
White Rice + Sambar + Beans Poriyal,"Rice, raw, milled, Water, Chillies, red, Coriander seeds, Turmeric powder, Gingelly oil, Tamarind, pulp, Asafoetida, Onion, big, Drumstick, Red gram, dal, Table salt (sodium from NaCl), Mustard seeds, Tomato, ripe, local, Curry leaves, French beans, country, Chillies, green - all varieties, Coconut, kernel, fresh",Tamil Nadu,vegetarian,lunch/dinner,main,85.5,2.5,1.9,14.1,0.149,per 100 g finished dish,400,342,10,7.6,56.4,0.596,Weighted combination of IFCT-based component dishes,https://www.nin.res.in/ebooks/IFCT2017.pdf,"Rice, sambar and beans poriyal combo; per 100 g finished dish.",596,149,healthy,1,4,1
White Rice + Spinach Kootu,"Rice, raw, milled, Water, Spinach, Red gram, dal, Coconut, kernel, fresh, Cumin seeds, Chillies, green - all varieties, Turmeric powder, Table salt (sodium from NaCl)",Tamil Nadu,vegetarian,lunch/dinner,main,80.8,2.4,1,15.2,0.115,per 100 g finished dish,400,323.2,9.6,4,60.8,0.46,Weighted combination of IFCT-based component dishes,https://www.nin.res.in/ebooks/IFCT2017.pdf,Rice and spinach kootu combo; per 100 g finished dish.,460,115,healthy,1,4,1
White Rice + Spinach Poriyal,"Rice, raw, milled, Water, Spinach, Onion, big, Coconut, kernel, fresh, Mustard seeds, Chillies, red, Groundnut oil, Table salt (sodium from NaCl)",Tamil Nadu,vegetarian,lunch/dinner,main,99.9,2.4,2.7,16.2,0.179,per 100 g finished dish,400,399.6,9.6,10.8,64.8,0.716,Weighted combination of IFCT-based component dishes,https://www.nin.res.in/ebooks/IFCT2017.pdf,Rice and spinach poriyal combo; per 100 g finished dish.,716,179,healthy,1,4,1
White Rice + Tomato Rasam,"Rice, raw, milled, Water, Tomato, ripe, local, Tamarind, pulp, Garlic, big cloves, Cumin seeds, Pepper, black, Coriander seeds, Curry leaves, Table salt (sodium from NaCl)",Tamil Nadu,vegetarian,lunch/dinner,main,64.5,1.5,0.2,13.9,0.09,per 100 g finished dish,400,258,6,0.8,55.6,0.36,Weighted combination of IFCT-based component dishes,https://www.nin.res.in/ebooks/IFCT2017.pdf,Rice and tomato rasam combo; per 100 g finished dish.,360,90,healthy,1,4,1
White Rice + Vegetable Kurma,"Rice, raw, milled, Water, Garlic, big cloves, Gingelly oil, Carrot, orange, Potato, brown skin, big, Turmeric powder, Table salt (sodium from NaCl), Peas, fresh, Tomato, ripe, local, Coconut, kernel, fresh, Chillies, green - all varieties, Ginger, fresh, Cumin seeds, Onion, big, French beans, country",Tamil Nadu,vegetarian,lunch/dinner,main,81.4,1.8,1.5,14.7,0.084,per 100 g finished dish,400,325.6,7.2,6,58.8,0.336,Weighted combination of IFCT-based component dishes,https://www.nin.res.in/ebooks/IFCT2017.pdf,Rice and vegetable kurma combo; per 100 g finished dish.,336,84,healthy,1,4,1
Sundal,"Chickpea, bengal gram, curry leaves, coconut, mustard seeds, red chilli, table salt, water",Tamil Nadu,vegetarian,snack,snack,164,8.2,4.5,23.5,0.248,per 100 g finished dish,150,246,12.3,6.8,35.2,0.372,IFCT 2017 ingredient-based estimate,https://www.nin.res.in/ebooks/IFCT2017.pdf,Sundal; standardized Tamil Nadu snack estimate per 100 g finished dish.,372,248,healthy,1,5,3
Boiled Peanuts,"Groundnut, raw, table salt, water",Tamil Nadu,vegetarian,snack,snack,198,8.6,15.2,8.1,0.185,per 100 g finished dish,150,297,12.9,22.8,12.2,0.278,IFCT 2017 ingredient-based estimate,https://www.nin.res.in/ebooks/IFCT2017.pdf,Boiled Peanuts; standardized Tamil Nadu snack estimate per 100 g finished dish.,278,185,healthy,1,5,3
Murukku,"Rice flour, bengal gram flour, butter, cumin, sesame, table salt, oil",Tamil Nadu,vegetarian,snack,snack,508,7.4,27.8,57.1,0.412,per 100 g finished dish,75,381,5.6,20.8,42.8,0.309,IFCT 2017 ingredient-based estimate,https://www.nin.res.in/ebooks/IFCT2017.pdf,Murukku; standardized Tamil Nadu snack estimate per 100 g finished dish.,309,412,healthy,1,5,3
Thattai,"Rice flour, bengal gram flour, fried gram, butter, curry leaves, chilli, table salt, oil",Tamil Nadu,vegetarian,snack,snack,486,8.5,22.6,61,0.396,per 100 g finished dish,75,364.5,6.4,17,45.8,0.297,IFCT 2017 ingredient-based estimate,https://www.nin.res.in/ebooks/IFCT2017.pdf,Thattai; standardized Tamil Nadu snack estimate per 100 g finished dish.,297,396,healthy,1,5,3
Paruppu Vadai,"Bengal gram, onion, fennel, curry leaves, red chilli, table salt, oil",Tamil Nadu,vegetarian,snack,snack,315,12.4,14.6,32.2,0.351,per 100 g finished dish,150,472.5,18.6,21.9,48.3,0.526,IFCT 2017 ingredient-based estimate,https://www.nin.res.in/ebooks/IFCT2017.pdf,Paruppu Vadai; standardized Tamil Nadu snack estimate per 100 g finished dish.,526,351,healthy,1,5,3
Medu Vada,"Black gram, onion, pepper, curry leaves, table salt, oil",Tamil Nadu,vegetarian,snack,snack,287,7.5,14.1,31.8,0.327,per 100 g finished dish,150,430.5,11.2,21.2,47.7,0.49,IFCT 2017 ingredient-based estimate,https://www.nin.res.in/ebooks/IFCT2017.pdf,Medu Vada; standardized Tamil Nadu snack estimate per 100 g finished dish.,490,327,healthy,1,5,3
Kara Boondi,"Gram flour, rice flour, chilli powder, curry leaves, table salt, oil",Tamil Nadu,vegetarian,snack,snack,513,8.7,29.4,53.7,0.468,per 100 g finished dish,75,384.8,6.5,22,40.3,0.351,IFCT 2017 ingredient-based estimate,https://www.nin.res.in/ebooks/IFCT2017.pdf,Kara Boondi; standardized Tamil Nadu snack estimate per 100 g finished dish.,351,468,healthy,1,5,3
Pori Mixture,"Puffed rice, roasted gram, groundnut, curry leaves, chilli, table salt, oil",Tamil Nadu,vegetarian,snack,snack,412,8.1,12.8,66.5,0.372,per 100 g finished dish,75,309,6.1,9.6,49.9,0.279,IFCT 2017 ingredient-based estimate,https://www.nin.res.in/ebooks/IFCT2017.pdf,Pori Mixture; standardized Tamil Nadu snack estimate per 100 g finished dish.,279,372,healthy,1,5,3
Kozhukattai,"Rice flour, coconut, jaggery, cardamom, water, pinch of salt",Tamil Nadu,vegetarian,snack,snack,221,2.9,4.1,42.8,0.082,per 100 g finished dish,150,331.5,4.4,6.2,64.2,0.123,IFCT 2017 ingredient-based estimate,https://www.nin.res.in/ebooks/IFCT2017.pdf,Kozhukattai; standardized Tamil Nadu snack estimate per 100 g finished dish.,123,82,healthy,1,5,3
Kuzhi Paniyaram Snack,"Rice, black gram, onion, green chilli, curry leaves, table salt, gingelly oil",Tamil Nadu,vegetarian,snack,snack,168,4.5,4.2,28,0.292,per 100 g finished dish,150,252,6.8,6.3,42,0.438,IFCT 2017 ingredient-based estimate,https://www.nin.res.in/ebooks/IFCT2017.pdf,Kuzhi Paniyaram Snack; standardized Tamil Nadu snack estimate per 100 g finished dish.,438,292,healthy,1,5,3
Masala Pori,"Puffed rice, onion, tomato, roasted gram, chilli, coriander, table salt",Tamil Nadu,vegetarian,snack,snack,154,4.2,2.9,28.6,0.301,per 100 g finished dish,150,231,6.3,4.4,42.9,0.452,IFCT 2017 ingredient-based estimate,https://www.nin.res.in/ebooks/IFCT2017.pdf,Masala Pori; standardized Tamil Nadu snack estimate per 100 g finished dish.,452,301,healthy,1,5,3
Aval Upma,"Flattened rice, onion, green chilli, curry leaves, groundnut, table salt, oil",Tamil Nadu,vegetarian,snack,snack,172,4.1,5.7,26.1,0.266,per 100 g finished dish,150,258,6.2,8.6,39.2,0.399,IFCT 2017 ingredient-based estimate,https://www.nin.res.in/ebooks/IFCT2017.pdf,Aval Upma; standardized Tamil Nadu snack estimate per 100 g finished dish.,399,266,healthy,1,5,3
Boiled Egg,"Egg, poultry, whole, cooked, table salt",Tamil Nadu,non_vegetarian,snack,snack,155,12.6,10.6,1.1,0.155,per 100 g finished dish,150,232.5,18.9,15.9,1.6,0.232,IFCT 2017 ingredient-based estimate,https://www.nin.res.in/ebooks/IFCT2017.pdf,Boiled Egg; standardized Tamil Nadu snack estimate per 100 g finished dish.,232,155,healthy,0,5,3
Egg Puff,"Wheat flour, egg, onion, oil, table salt",Tamil Nadu,non_vegetarian,snack,snack,312,8.5,20.1,24.3,0.394,per 100 g finished dish,150,468,12.8,30.2,36.4,0.591,IFCT 2017 ingredient-based estimate,https://www.nin.res.in/ebooks/IFCT2017.pdf,Egg Puff; standardized Tamil Nadu snack estimate per 100 g finished dish.,591,394,healthy,0,5,3
Chicken Cutlet,"Chicken, potato, onion, bread crumbs, egg, oil, table salt",Tamil Nadu,non_vegetarian,snack,snack,276,12.3,14.8,22.1,0.338,per 100 g finished dish,150,414,18.4,22.2,33.2,0.507,IFCT 2017 ingredient-based estimate,https://www.nin.res.in/ebooks/IFCT2017.pdf,Chicken Cutlet; standardized Tamil Nadu snack estimate per 100 g finished dish.,507,338,healthy,0,5,3
Fish Cutlet,"Fish, potato, onion, bread crumbs, egg, oil, table salt",Tamil Nadu,non_vegetarian,snack,snack,241,13.8,9.8,23.4,0.329,per 100 g finished dish,150,361.5,20.7,14.7,35.1,0.494,IFCT 2017 ingredient-based estimate,https://www.nin.res.in/ebooks/IFCT2017.pdf,Fish Cutlet; standardized Tamil Nadu snack estimate per 100 g finished dish.,494,329,healthy,0,5,3
Muttai Bajji,"Egg, bengal gram flour, chilli powder, oil, table salt",Tamil Nadu,non_vegetarian,snack,snack,228,9.2,13.4,16.8,0.287,per 100 g finished dish,150,342,13.8,20.1,25.2,0.43,IFCT 2017 ingredient-based estimate,https://www.nin.res.in/ebooks/IFCT2017.pdf,Muttai Bajji; standardized Tamil Nadu snack estimate per 100 g finished dish.,430,287,healthy,0,5,3
White Rice + Sambar (Dinner),"Rice, raw, milled, red gram, dal, drumstick, tomato, tamarind, mustard seeds, curry leaves, table salt, water",Tamil Nadu,vegetarian,dinner,main,89.8,2.6,0.6,18.2,0.095,per 100 g finished dish,300,269.4,7.8,1.8,54.6,0.285,Weighted combination of IFCT-based component dishes,https://www.nin.res.in/ebooks/IFCT2017.pdf,White rice with sambar dinner combo; per 100 g finished dish.,285,95,healthy,1,2,1
White Rice + Rasam (Dinner),"Rice, raw, milled, tamarind, tomato, garlic, pepper, cumin, curry leaves, table salt, water",Tamil Nadu,vegetarian,dinner,main,74.9,1.7,0.3,15.9,0.071,per 100 g finished dish,300,224.7,5.1,0.9,47.7,0.213,Weighted combination of IFCT-based component dishes,https://www.nin.res.in/ebooks/IFCT2017.pdf,White rice with rasam dinner combo; per 100 g finished dish.,213,71,healthy,1,2,1
White Rice + Kootu (Dinner),"Rice, raw, milled, moong dal, vegetables, coconut, cumin, curry leaves, table salt, water",Tamil Nadu,vegetarian,dinner,main,96.8,2.5,1.6,17.7,0.111,per 100 g finished dish,300,290.4,7.5,4.8,53.1,0.333,Weighted combination of IFCT-based component dishes,https://www.nin.res.in/ebooks/IFCT2017.pdf,White rice with kootu dinner combo; per 100 g finished dish.,333,111,healthy,1,2,1
White Rice + Avial (Dinner),"Rice, raw, milled, mixed vegetables, coconut, curd, cumin, curry leaves, coconut oil, table salt",Tamil Nadu,vegetarian,dinner,main,98.4,2,2.4,16.9,0.107,per 100 g finished dish,300,295.2,6,7.2,50.7,0.321,Weighted combination of IFCT-based component dishes,https://www.nin.res.in/ebooks/IFCT2017.pdf,White rice with avial dinner combo; per 100 g finished dish.,321,107,healthy,1,2,1
White Rice + Keerai Masiyal (Dinner),"Rice, raw, milled, amaranth leaves, onion, garlic, red chilli, table salt, water",Tamil Nadu,vegetarian,dinner,main,87.5,2.6,0.7,17.3,0.101,per 100 g finished dish,300,262.5,7.8,2.1,51.9,0.303,Weighted combination of IFCT-based component dishes,https://www.nin.res.in/ebooks/IFCT2017.pdf,White rice with keerai masiyal dinner combo; per 100 g finished dish.,303,101,healthy,1,2,1
White Rice + Brinjal Kara Kuzhambu (Dinner),"Rice, raw, milled, brinjal, tamarind, sambar powder, sesame oil, mustard seeds, curry leaves, table salt",Tamil Nadu,vegetarian,dinner,main,86.7,2,1,17.1,0.094,per 100 g finished dish,300,260.1,6,3,51.3,0.282,Weighted combination of IFCT-based component dishes,https://www.nin.res.in/ebooks/IFCT2017.pdf,White rice with brinjal kara kuzhambu dinner combo; per 100 g finished dish.,282,94,healthy,1,2,1
White Rice + Vegetable Kurma (Dinner),"Rice, raw, milled, mixed vegetables, coconut, poppy seeds, fennel, onion, ginger, garlic, table salt",Tamil Nadu,vegetarian,dinner,main,87.1,2,1.2,16.7,0.065,per 100 g finished dish,300,261.3,6,3.6,50.1,0.195,Weighted combination of IFCT-based component dishes,https://www.nin.res.in/ebooks/IFCT2017.pdf,White rice with vegetable kurma dinner combo; per 100 g finished dish.,195,65,healthy,1,2,1
Idiyappam + Vegetable Kurma (Dinner),"Rice flour, mixed vegetables, coconut, fennel, onion, ginger, garlic, table salt",Tamil Nadu,vegetarian,dinner,main,93.1,2.1,1.1,18.3,0.263,per 100 g finished dish,300,279.3,6.3,3.3,54.9,0.789,Weighted combination of IFCT-based component dishes,https://www.nin.res.in/ebooks/IFCT2017.pdf,Idiyappam with vegetable kurma dinner combo; per 100 g finished dish.,789,263,healthy,1,2,1
Dosa + Sambar (Dinner),"Rice, black gram, red gram, drumstick, tomato, tamarind, table salt, gingelly oil, water",Tamil Nadu,vegetarian,dinner,main,128.8,4,1.8,23.4,0.278,per 100 g finished dish,300,386.4,12,5.4,70.2,0.834,Weighted combination of IFCT-based component dishes,https://www.nin.res.in/ebooks/IFCT2017.pdf,Dosa with sambar dinner combo; per 100 g finished dish.,834,278,diabetes,1,2,1
Idiyappam + Egg Curry,"Rice flour, egg, onion, tomato, spices, table salt, oil, water",Tamil Nadu,non_vegetarian,breakfast,main,96,3,1.8,16.6,0.32,per 100 g finished dish,200,192,6,3.6,33.2,0.64,Weighted combination of IFCT-based component dishes,https://www.nin.res.in/ebooks/IFCT2017.pdf,Idiyappam with egg curry; per 100 g finished dish.,640,320,healthy,0,0,1
Idli + Fish Curry,"Rice, black gram, fish, onion, tomato, tamarind, spices, table salt, water",Tamil Nadu,non_vegetarian,breakfast,main,132.2,6,2.3,21.3,0.329,per 100 g finished dish,200,264.4,12,4.6,42.6,0.658,Weighted combination of IFCT-based component dishes,https://www.nin.res.in/ebooks/IFCT2017.pdf,Idli with fish curry; per 100 g finished dish.,658,329,healthy,0,0,1
Dosa + Egg Curry,"Rice, black gram, egg, onion, tomato, spices, table salt, oil, water",Tamil Nadu,non_vegetarian,breakfast,main,127,4.3,3,20.1,0.311,per 100 g finished dish,200,254,8.6,6,40.2,0.622,Weighted combination of IFCT-based component dishes,https://www.nin.res.in/ebooks/IFCT2017.pdf,Dosa with egg curry; per 100 g finished dish.,622,311,healthy,0,0,1
Dosa + Chicken Curry,"Rice, black gram, chicken, onion, tomato, spices, table salt, oil, water",Tamil Nadu,non_vegetarian,breakfast,main,173.1,5.8,5,19,0.322,per 100 g finished dish,200,346.2,11.6,10,38,0.644,Weighted combination of IFCT-based component dishes,https://www.nin.res.in/ebooks/IFCT2017.pdf,Dosa with chicken curry; per 100 g finished dish.,644,322,healthy,0,0,1
Appam + Chicken Curry,"Rice, coconut milk, chicken, onion, tomato, spices, table salt, oil, water",Tamil Nadu,non_vegetarian,breakfast,main,157.8,4.6,5.9,15.3,0.285,per 100 g finished dish,200,315.6,9.2,11.8,30.6,0.57,Weighted combination of IFCT-based component dishes,https://www.nin.res.in/ebooks/IFCT2017.pdf,Appam with chicken curry; per 100 g finished dish.,570,285,healthy,0,0,1
Appam + Egg Curry,"Rice, coconut milk, egg, onion, tomato, spices, table salt, oil, water",Tamil Nadu,non_vegetarian,breakfast,main,113.4,3.3,4.3,15,0.279,per 100 g finished dish,200,226.8,6.6,8.6,30,0.558,Weighted combination of IFCT-based component dishes,https://www.nin.res.in/ebooks/IFCT2017.pdf,Appam with egg curry; per 100 g finished dish.,558,279,healthy,0,0,1
Puttu + Egg Curry,"Rice flour, coconut, egg, onion, tomato, spices, table salt, oil, water",Tamil Nadu,non_vegetarian,breakfast,main,123.4,3.2,5,16.1,0.299,per 100 g finished dish,200,246.8,6.4,10,32.2,0.598,Weighted combination of IFCT-based component dishes,https://www.nin.res.in/ebooks/IFCT2017.pdf,Puttu with egg curry; per 100 g finished dish.,598,299,healthy,0,0,1
White Rice + Fish Curry (Dinner),"Rice, fish, onion, tomato, tamarind, spices, table salt, water",Tamil Nadu,non_vegetarian,dinner,main,106.2,4.8,2.5,15.8,0.147,per 100 g finished dish,300,318.6,14.4,7.5,47.4,0.441,Weighted combination of IFCT-based component dishes,https://www.nin.res.in/ebooks/IFCT2017.pdf,White rice with fish curry dinner combo; per 100 g finished dish.,441,147,healthy,0,2,1
White Rice + Chicken Curry (Dinner),"Rice, chicken, onion, tomato, spices, table salt, oil, water",Tamil Nadu,non_vegetarian,dinner,main,141.8,4.5,3.8,15.3,0.153,per 100 g finished dish,300,425.4,13.5,11.4,45.9,0.459,Weighted combination of IFCT-based component dishes,https://www.nin.res.in/ebooks/IFCT2017.pdf,White rice with chicken curry dinner combo; per 100 g finished dish.,459,153,healthy,0,2,1
White Rice + Egg Curry (Dinner),"Rice, egg, onion, tomato, spices, table salt, oil, water",Tamil Nadu,non_vegetarian,dinner,main,91.1,3,2,14.9,0.147,per 100 g finished dish,300,273.3,9,6,44.7,0.441,Weighted combination of IFCT-based component dishes,https://www.nin.res.in/ebooks/IFCT2017.pdf,White rice with egg curry dinner combo; per 100 g finished dish.,441,147,healthy,0,2,1
Egg Parotta,"Maida, egg, onion, oil, table salt",Tamil Nadu,non_vegetarian,breakfast,main,278,8.4,11.8,33.9,0.361,per 100 g finished dish,200,556,16.8,23.6,67.8,0.722,IFCT 2017 ingredient-based estimate,https://www.nin.res.in/ebooks/IFCT2017.pdf,Egg Parotta; standardized Tamil Nadu breakfast estimate per 100 g finished dish.,722,361,healthy,0,0,1
Chicken Kothu Parotta,"Maida parotta, chicken, egg, onion, tomato, curry leaves, oil, table salt",Tamil Nadu,non_vegetarian,breakfast,main,246,10.9,9.7,28.4,0.398,per 100 g finished dish,200,492,21.8,19.4,56.8,0.796,IFCT 2017 ingredient-based estimate,https://www.nin.res.in/ebooks/IFCT2017.pdf,Chicken Kothu Parotta; standardized Tamil Nadu breakfast estimate per 100 g finished dish.,796,398,healthy,0,0,1
Kari Dosa,"Rice, black gram, mutton mince, onion, chilli, table salt, gingelly oil",Tamil Nadu,non_vegetarian,breakfast,main,221,11.6,8.4,24.2,0.344,per 100 g finished dish,200,442,23.2,16.8,48.4,0.688,IFCT 2017 ingredient-based estimate,https://www.nin.res.in/ebooks/IFCT2017.pdf,Kari Dosa; standardized Tamil Nadu breakfast estimate per 100 g finished dish.,688,344,healthy,0,0,1
Kalakki + Parotta,"Maida parotta, egg, onion, pepper, oil, table salt",Tamil Nadu,non_vegetarian,breakfast,main,269,8.9,12.5,31,0.372,per 100 g finished dish,200,538,17.8,25,62,0.744,IFCT 2017 ingredient-based estimate,https://www.nin.res.in/ebooks/IFCT2017.pdf,Kalakki + Parotta; standardized Tamil Nadu breakfast estimate per 100 g finished dish.,744,372,healthy,0,0,1
Ghee Pongal (Full Serving),"Raw rice, Moong dal, Ghee, Cashews, Pepper, Cumin, Salt",Tamil Nadu,vegetarian,breakfast,main,520,12.5,22,68,0.38,per 100 g finished dish,400,208,5,8.8,27.2,0,IFCT 2017 ingredient-based estimate,https://www.nin.res.in/ebooks/IFCT2017.pdf,Ghee Pongal (Full Serving); per 100g finished dish.,0,380,healthy,1,0,1
Mutton Biryani,"Basmati rice, Mutton, Ghee, Onion, Yogurt, Spices, Oil, Salt",Tamil Nadu,non_vegetarian,lunch/dinner,main,480,22,24,48,0.52,per 100 g finished dish,450,648,29.7,32.4,64.8,0.001,IFCT 2017 ingredient-based estimate,https://www.nin.res.in/ebooks/IFCT2017.pdf,Mutton Biryani; per 100g finished dish.,1,520,obesity,0,4,1
Chicken Biryani Large,"Basmati rice, Chicken, Ghee, Onion, Tomato, Spices, Oil",Tamil Nadu,non_vegetarian,lunch/dinner,main,430,19,18,52,0.44,per 100 g finished dish,450,580.5,25.7,24.3,70.2,0.001,IFCT 2017 ingredient-based estimate,https://www.nin.res.in/ebooks/IFCT2017.pdf,Chicken Biryani Large; per 100g finished dish.,1,440,healthy,0,4,1
Parotta with Kurma,"Maida, Oil, Egg, Mixed vegetables, Coconut milk, Spices",Tamil Nadu,non_vegetarian,lunch/dinner,main,410,9.5,20.5,50,0.35,per 100 g finished dish,400,656,15.2,32.8,80,0.001,IFCT 2017 ingredient-based estimate,https://www.nin.res.in/ebooks/IFCT2017.pdf,Parotta with Kurma; per 100g finished dish.,1,350,obesity,0,4,1
Puri Bhaji (3 Puris),"Maida, Oil (deep fried), Potato, Onion, Spices, Mustard",Tamil Nadu,vegetarian,breakfast,main,380,7.8,19.5,46,0.4,per 100 g finished dish,400,608,12.5,31.2,73.6,0.001,IFCT 2017 ingredient-based estimate,https://www.nin.res.in/ebooks/IFCT2017.pdf,Puri Bhaji (3 Puris); per 100g finished dish.,1,400,obesity,1,0,1
Parotta with Egg Curry,"Maida, Oil, Eggs, Onion, Tomato, Coconut, Spices, Salt",Tamil Nadu,non_vegetarian,lunch/dinner,main,420,14,22,46,0.42,per 100 g finished dish,400,672,22.4,35.2,73.6,0.001,IFCT 2017 ingredient-based estimate,https://www.nin.res.in/ebooks/IFCT2017.pdf,Parotta with Egg Curry; per 100g finished dish.,1,420,obesity,0,4,1
Mutton Kothu Parotta,"Parotta, Mutton, Egg, Onion, Capsicum, Spices, Oil",Tamil Nadu,non_vegetarian,lunch/dinner,main,400,18,20,42,0.48,per 100 g finished dish,400,640,28.8,32,67.2,0.001,IFCT 2017 ingredient-based estimate,https://www.nin.res.in/ebooks/IFCT2017.pdf,Mutton Kothu Parotta; per 100g finished dish.,1,480,obesity,0,4,1
Chicken 65 Rice Combo,"Boiled rice, Chicken, Cornflour, Oil (deep fried), Spices",Tamil Nadu,non_vegetarian,lunch/dinner,main,440,20.5,21,52,0.46,per 100 g finished dish,400,704,32.8,33.6,83.2,0.001,IFCT 2017 ingredient-based estimate,https://www.nin.res.in/ebooks/IFCT2017.pdf,Chicken 65 Rice Combo; per 100g finished dish.,1,460,obesity,0,4,1
Vada (5 pieces),"Urad dal, Onion, Chillies, Curry leaves, Oil (deep fried)",Tamil Nadu,vegetarian,snack,snack,380,9.5,22,38,0.35,per 100 g finished dish,250,570,14.3,33,57,0.001,IFCT 2017 ingredient-based estimate,https://www.nin.res.in/ebooks/IFCT2017.pdf,Vada (5 pieces); per 100g finished dish.,1,350,healthy,1,5,3
Ghee Rice with Kurma,"Basmati rice, Ghee, Onion, Spices, Mixed veg, Coconut milk",Tamil Nadu,vegetarian,lunch/dinner,main,460,8.5,23.5,58,0.36,per 100 g finished dish,400,736,13.6,37.6,92.8,0.001,IFCT 2017 ingredient-based estimate,https://www.nin.res.in/ebooks/IFCT2017.pdf,Ghee Rice with Kurma; per 100g finished dish.,1,360,obesity,1,4,1
Poori Masala (4 Pooris),"Wheat flour, Oil (deep fried), Potato, Onion, Mustard, Spices",Tamil Nadu,vegetarian,breakfast,main,395,8.2,21,48,0.38,per 100 g finished dish,400,632,13.1,33.6,76.8,0.001,IFCT 2017 ingredient-based estimate,https://www.nin.res.in/ebooks/IFCT2017.pdf,Poori Masala (4 Pooris); per 100g finished dish.,1,380,obesity,1,0,1
Fish Fry Rice,"Boiled rice, Fish, Oil, Spices, Onion, Lemon",Tamil Nadu,non_vegetarian,lunch/dinner,main,415,21,18,52,0.4,per 100 g finished dish,400,664,33.6,28.8,83.2,0.001,IFCT 2017 ingredient-based estimate,https://www.nin.res.in/ebooks/IFCT2017.pdf,Fish Fry Rice; per 100g finished dish.,1,400,obesity,0,4,1
Egg Fried Rice (large),"Rice, Eggs, Oil, Spring onion, Soy sauce, Capsicum, Carrot",Tamil Nadu,non_vegetarian,lunch/dinner,main,390,14.5,16,52,0.58,per 100 g finished dish,400,624,23.2,25.6,83.2,0.001,IFCT 2017 ingredient-based estimate,https://www.nin.res.in/ebooks/IFCT2017.pdf,Egg Fried Rice (large); per 100g finished dish.,1,580,obesity,0,4,1
Mutton Chops Combo,"Mutton, Oil, Onion, Tomato, Spices, Rice",Tamil Nadu,non_vegetarian,lunch/dinner,main,470,24,26.5,42,0.5,per 100 g finished dish,400,752,38.4,42.4,67.2,0.001,IFCT 2017 ingredient-based estimate,https://www.nin.res.in/ebooks/IFCT2017.pdf,Mutton Chops Combo; per 100g finished dish.,1,500,obesity,0,4,1
Coconut Rice with Pickle,"Rice, Coconut, Oil, Mustard, Curry leaves, Lemon, Pickle",Tamil Nadu,vegetarian,lunch/dinner,main,390,6.5,16.5,58,0.62,per 100 g finished dish,400,624,10.4,26.4,92.8,0.001,IFCT 2017 ingredient-based estimate,https://www.nin.res.in/ebooks/IFCT2017.pdf,Coconut Rice with Pickle; per 100g finished dish.,1,620,obesity,1,4,1
White Rice with Pickle Combo,"Parboiled rice, Mango pickle, Sesame oil, Salt",Tamil Nadu,vegetarian,lunch/dinner,main,380,7,4.5,82,0.7,per 100 g finished dish,400,608,11.2,7.2,131.2,0.001,IFCT 2017 ingredient-based estimate,https://www.nin.res.in/ebooks/IFCT2017.pdf,White Rice with Pickle Combo; per 100g finished dish.,1,700,healthy,1,4,1
Sweet Pongal,"Raw rice, Moong dal, Jaggery, Ghee, Cardamom, Cashews",Tamil Nadu,vegetarian,breakfast,main,310,6.5,7,58,0.32,per 100 g finished dish,400,496,10.4,11.2,92.8,0.001,IFCT 2017 ingredient-based estimate,https://www.nin.res.in/ebooks/IFCT2017.pdf,Sweet Pongal; per 100g finished dish.,1,320,healthy,1,0,1
Ven Pongal Large,"Raw rice, Moong dal, Ghee, Pepper, Cumin, Salt, Cashews",Tamil Nadu,vegetarian,breakfast,main,320,9.5,10.5,50,0.4,per 100 g finished dish,400,512,15.2,16.8,80,0.001,IFCT 2017 ingredient-based estimate,https://www.nin.res.in/ebooks/IFCT2017.pdf,Ven Pongal Large; per 100g finished dish.,1,400,healthy,1,0,1
Curd Rice (Large),"Parboiled rice, Curd, Salt, Mustard, Curry leaves, Ginger",Tamil Nadu,vegetarian,lunch/dinner,main,300,8,5.5,58,0.52,per 100 g finished dish,400,480,12.8,8.8,92.8,0.001,IFCT 2017 ingredient-based estimate,https://www.nin.res.in/ebooks/IFCT2017.pdf,Curd Rice (Large); per 100g finished dish.,1,520,healthy,1,4,1
Sambar Rice (Large Serving),"Parboiled rice, Red gram dal, Tamarind, Tomato, Vegetables, Salt",Tamil Nadu,vegetarian,lunch/dinner,main,340,10.5,4,68,0.65,per 100 g finished dish,400,544,16.8,6.4,108.8,0.001,IFCT 2017 ingredient-based estimate,https://www.nin.res.in/ebooks/IFCT2017.pdf,Sambar Rice (Large Serving); per 100g finished dish.,1,650,healthy,1,4,1
Lemon Rice with Pappad,"Rice, Lemon, Groundnuts, Mustard, Turmeric, Salt, Pappad (fried)",Tamil Nadu,vegetarian,lunch/dinner,main,360,8,9.5,64,0.68,per 100 g finished dish,400,576,12.8,15.2,102.4,0.001,IFCT 2017 ingredient-based estimate,https://www.nin.res.in/ebooks/IFCT2017.pdf,Lemon Rice with Pappad; per 100g finished dish.,1,680,healthy,1,4,1
Tamarind Rice,"Rice, Tamarind, Groundnuts, Mustard, Sesame, Salt, Red chilli",Tamil Nadu,vegetarian,lunch/dinner,main,350,7.5,10.5,62,0.66,per 100 g finished dish,400,560,12,16.8,99.2,0.001,IFCT 2017 ingredient-based estimate,https://www.nin.res.in/ebooks/IFCT2017.pdf,Tamarind Rice; per 100g finished dish.,1,660,healthy,1,4,1
Chicken Biryani (Extra Rice),"Basmati rice, Chicken, Ghee, Onion, Spices, Salt",Tamil Nadu,non_vegetarian,lunch/dinner,main,420,18.5,14,72,0.55,per 100 g finished dish,500,630,27.8,21,108,0.001,IFCT 2017 ingredient-based estimate,https://www.nin.res.in/ebooks/IFCT2017.pdf,Chicken Biryani (Extra Rice); per 100g finished dish.,1,550,obesity,0,4,1
Mutton Biryani (Extra Rice),"Basmati rice, Mutton, Ghee, Onion, Spices, Salt, Raita",Tamil Nadu,non_vegetarian,lunch/dinner,main,450,20,15.5,75,0.58,per 100 g finished dish,500,675,30,23.3,112.5,0.001,IFCT 2017 ingredient-based estimate,https://www.nin.res.in/ebooks/IFCT2017.pdf,Mutton Biryani (Extra Rice); per 100g finished dish.,1,580,obesity,0,4,1
